BEGIN;
TRUNCATE TABLE produtos CASCADE;
INSERT INTO produtos (id, nome, preco, estoque, custo_medio) VALUES (2, 'Doce de leite pedaço', 5, 30, 2);
INSERT INTO produtos (id, nome, preco, estoque, custo_medio) VALUES (3, 'Doce de leite pote', 20, 8, 8);
INSERT INTO produtos (id, nome, preco, estoque, custo_medio) VALUES (5, 'Geleia', 22, 7, 12);
INSERT INTO produtos (id, nome, preco, estoque, custo_medio) VALUES (6, 'Goiabada', 22, 6, 12);
INSERT INTO produtos (id, nome, preco, estoque, custo_medio) VALUES (7, 'Linguiça', 25, 1, 12.5);
INSERT INTO produtos (id, nome, preco, estoque, custo_medio) VALUES (8, 'Manteiga pequena', 14, 11, 7);
INSERT INTO produtos (id, nome, preco, estoque, custo_medio) VALUES (10, 'Queijo 4 cores', 45, 1, 27.07);
INSERT INTO produtos (id, nome, preco, estoque, custo_medio) VALUES (11, 'Queijo do reino', 45, 4, 26.403000000000002);
INSERT INTO produtos (id, nome, preco, estoque, custo_medio) VALUES (12, 'Queijo minas frescal', 30, 41, 15.883977900552486);
INSERT INTO produtos (id, nome, preco, estoque, custo_medio) VALUES (13, 'Queijo minas padrão', 45, 0, 28.5);
INSERT INTO produtos (id, nome, preco, estoque, custo_medio) VALUES (15, 'Queijo mussarelinha', 35, 4, 20);
INSERT INTO produtos (id, nome, preco, estoque, custo_medio) VALUES (16, 'Queijo nozinho', 37, 11, 22.5);
INSERT INTO produtos (id, nome, preco, estoque, custo_medio) VALUES (17, 'Queijo parmesão', 45, 0, 28);
INSERT INTO produtos (id, nome, preco, estoque, custo_medio) VALUES (19, 'Requeijão', 20, 6, 9.5);
INSERT INTO produtos (id, nome, preco, estoque, custo_medio) VALUES (20, 'Queijo Prato', 45, 4, 26.8);
INSERT INTO produtos (id, nome, preco, estoque, custo_medio) VALUES (25, 'MINAS FEIRA', 30, 0, 0);
INSERT INTO produtos (id, nome, preco, estoque, custo_medio) VALUES (26, 'DOCE DE LEITE COM COCO', 20, 8, 8);
INSERT INTO produtos (id, nome, preco, estoque, custo_medio) VALUES (27, 'DOCE DE LEITE COM AMENDOIM', 20, 0, 8);
INSERT INTO produtos (id, nome, preco, estoque, custo_medio) VALUES (28, 'OVO CAIPIRA', 18, 0, 12);
INSERT INTO produtos (id, nome, preco, estoque, custo_medio) VALUES (30, 'QUEIJO PADRÃO TEMPERADO', 45, 4, 28);
TRUNCATE TABLE compras CASCADE;
INSERT INTO compras (id, semana, produto_id, produto, qtd, valor_unitario, valor_total, fornecedor, status, data) VALUES (1800000000000, 14, 2, 'Doce de leite pedaço', 30, 2, 60, 'MAURO', 'pago', '02/04/2026');
INSERT INTO compras (id, semana, produto_id, produto, qtd, valor_unitario, valor_total, fornecedor, status, data) VALUES (1800000000001, 14, 3, 'Doce de leite pote', 20, 8, 160, 'MAURO', 'pago', '02/04/2026');
INSERT INTO compras (id, semana, produto_id, produto, qtd, valor_unitario, valor_total, fornecedor, status, data) VALUES (1800000000002, 14, 16, 'Queijo nozinho', 20, 22.5, 450, 'PEDRO', 'pago', '02/04/2026');
INSERT INTO compras (id, semana, produto_id, produto, qtd, valor_unitario, valor_total, fornecedor, status, data) VALUES (1800000000003, 14, 5, 'Geleia', 11, 12, 132, 'ANA', 'pago', '02/04/2026');
INSERT INTO compras (id, semana, produto_id, produto, qtd, valor_unitario, valor_total, fornecedor, status, data) VALUES (1800000000004, 14, 6, 'Goiabada', 11, 12, 132, 'ANA', 'pago', '02/04/2026');
INSERT INTO compras (id, semana, produto_id, produto, qtd, valor_unitario, valor_total, fornecedor, status, data) VALUES (1800000000005, 14, 12, 'Queijo minas frescal', 50, 15, 750, 'TIO', 'pago', '02/04/2026');
INSERT INTO compras (id, semana, produto_id, produto, qtd, valor_unitario, valor_total, fornecedor, status, data) VALUES (1800000000006, 14, 12, 'Queijo minas frescal', 10, 17, 170, 'ZÉ EZIO', 'pago', '02/04/2026');
INSERT INTO compras (id, semana, produto_id, produto, qtd, valor_unitario, valor_total, fornecedor, status, data) VALUES (1800000000007, 14, 10, 'Queijo 4 cores', 5, 27.52, 137.6, 'ESTAÇÃO DO QUEIJO', 'pago', '02/04/2026');
INSERT INTO compras (id, semana, produto_id, produto, qtd, valor_unitario, valor_total, fornecedor, status, data) VALUES (1800000000008, 14, NULL, 'PADRÃO TEMPERADO', 3, 29.24, 87.72, 'ESTAÇÃO DO QUEIJO', 'pago', '02/04/2026');
INSERT INTO compras (id, semana, produto_id, produto, qtd, valor_unitario, valor_total, fornecedor, status, data) VALUES (1800000000009, 14, 15, 'Queijo mussarelinha', 4, 20, 80, 'ESTAÇÃO DO QUEIJO', 'pago', '02/04/2026');
INSERT INTO compras (id, semana, produto_id, produto, qtd, valor_unitario, valor_total, fornecedor, status, data) VALUES (1800000000010, 14, 11, 'Queijo do reino', 3, 26.106, 78.31800000000001, 'ESTAÇÃO DO QUEIJO', 'pago', '02/04/2026');
INSERT INTO compras (id, semana, produto_id, produto, qtd, valor_unitario, valor_total, fornecedor, status, data) VALUES (1800000000011, 14, 17, 'Queijo parmesão', 3, 28, 84, 'ESTAÇÃO DO QUEIJO', 'pago', '02/04/2026');
INSERT INTO compras (id, semana, produto_id, produto, qtd, valor_unitario, valor_total, fornecedor, status, data) VALUES (1800000000012, 14, NULL, 'Paçoca', 3, 10, 30, 'ESTAÇÃO DO QUEIJO', 'pago', '02/04/2026');
INSERT INTO compras (id, semana, produto_id, produto, qtd, valor_unitario, valor_total, fornecedor, status, data) VALUES (1800000000013, 14, 19, 'Requeijão', 10, 9.5, 95, 'ESTAÇÃO DO QUEIJO', 'pago', '02/04/2026');
INSERT INTO compras (id, semana, produto_id, produto, qtd, valor_unitario, valor_total, fornecedor, status, data) VALUES (1800000000014, 14, 7, 'Linguiça', 30, 12.5, 375, 'FABIANA', 'pago', '02/04/2026');
INSERT INTO compras (id, semana, produto_id, produto, qtd, valor_unitario, valor_total, fornecedor, status, data) VALUES (1800000000015, 15, 12, 'Queijo minas frescal', 70, 17, 1190, 'ZÉ EZIO', 'pago', '06/04/2026');
INSERT INTO compras (id, semana, produto_id, produto, qtd, valor_unitario, valor_total, fornecedor, status, data) VALUES (1800000000016, 15, 26, 'DOCE DE LEITE COM COCO', 5, 8, 40, 'MAURO', 'pago', '06/04/2026');
INSERT INTO compras (id, semana, produto_id, produto, qtd, valor_unitario, valor_total, fornecedor, status, data) VALUES (1800000000017, 15, 27, 'DOCE DE LEITE COM AMENDOIM', 5, 8, 40, 'MAURO', 'pago', '06/04/2026');
INSERT INTO compras (id, semana, produto_id, produto, qtd, valor_unitario, valor_total, fornecedor, status, data) VALUES (1800000000018, 15, 3, 'Doce de leite pote', 5, 8, 40, 'MAURO', 'pago', '06/04/2026');
INSERT INTO compras (id, semana, produto_id, produto, qtd, valor_unitario, valor_total, fornecedor, status, data) VALUES (1800000000019, 15, 2, 'Doce de leite pedaço', 30, 2, 60, 'MAURO', 'pago', '06/04/2026');
INSERT INTO compras (id, semana, produto_id, produto, qtd, valor_unitario, valor_total, fornecedor, status, data) VALUES (1800000000020, 15, 28, 'OVO CAIPIRA', 4, 12, 48, 'VÓ ANNA', 'pendente', '07/04/2026');
INSERT INTO compras (id, semana, produto_id, produto, qtd, valor_unitario, valor_total, fornecedor, status, data) VALUES (1800000000021, 15, 28, 'OVO CAIPIRA', 4, 12, 48, 'VÓ ANNA', 'pago', '07/04/2026');
INSERT INTO compras (id, semana, produto_id, produto, qtd, valor_unitario, valor_total, fornecedor, status, data) VALUES (1800000000022, 15, NULL, 'INSUMOS', 1, 56, 56, 'CASA DE FESTA', 'pago', '07/04/2026');
INSERT INTO compras (id, semana, produto_id, produto, qtd, valor_unitario, valor_total, fornecedor, status, data) VALUES (1800000000023, 15, 8, 'Manteiga pequena', 10, 7, 70, 'CARMEM', 'pago', '08/04/2026');
INSERT INTO compras (id, semana, produto_id, produto, qtd, valor_unitario, valor_total, fornecedor, status, data) VALUES (1800000000024, 15, 13, 'Queijo minas padrão', 5, 28.5, 142.5, 'ESTAÇÃO DO QUEIJO', 'pago', '12/04/2026');
INSERT INTO compras (id, semana, produto_id, produto, qtd, valor_unitario, valor_total, fornecedor, status, data) VALUES (1800000000025, 15, 10, 'Queijo 4 cores', 3, 26.32, 78.96000000000001, 'ESTAÇÃO DO QUEIJO', 'pago', '12/04/2026');
INSERT INTO compras (id, semana, produto_id, produto, qtd, valor_unitario, valor_total, fornecedor, status, data) VALUES (1800000000026, 15, 20, 'Queijo Prato', 5, 26.8, 134, 'ESTAÇÃO DO QUEIJO', 'pago', '12/04/2026');
INSERT INTO compras (id, semana, produto_id, produto, qtd, valor_unitario, valor_total, fornecedor, status, data) VALUES (1800000000027, 15, 15, 'Queijo mussarelinha', 3, 20, 60, 'ESTAÇÃO DO QUEIJO', 'pago', '12/04/2026');
INSERT INTO compras (id, semana, produto_id, produto, qtd, valor_unitario, valor_total, fornecedor, status, data) VALUES (1800000000028, 15, 30, 'QUEIJO PADRÃO TEMPERADO', 5, 28, 140, 'ESTAÇÃO DO QUEIJO', 'pago', '12/04/2026');
INSERT INTO compras (id, semana, produto_id, produto, qtd, valor_unitario, valor_total, fornecedor, status, data) VALUES (1800000000029, 15, 11, 'Queijo do reino', 3, 26.7, 80.1, 'ESTAÇÃO DO QUEIJO', 'pago', '12/04/2026');
INSERT INTO compras (id, semana, produto_id, produto, qtd, valor_unitario, valor_total, fornecedor, status, data) VALUES (1800000000030, 15, NULL, 'Garrafa de caféé', 1, 90, 90, 'Mercado', 'pago', '12/04/2026');
INSERT INTO compras (id, semana, produto_id, produto, qtd, valor_unitario, valor_total, fornecedor, status, data) VALUES (1800000000031, 15, 6, 'Goiabada', 10, 12, 120, 'ANA', 'pago', '12/04/2026');
INSERT INTO compras (id, semana, produto_id, produto, qtd, valor_unitario, valor_total, fornecedor, status, data) VALUES (1800000000032, 15, 5, 'Geleia', 10, 12, 120, 'ANA', 'pago', '12/04/2026');
INSERT INTO compras (id, semana, produto_id, produto, qtd, valor_unitario, valor_total, fornecedor, status, data) VALUES (1800000000033, 15, 16, 'Queijo nozinho', 10, 22.5, 225, 'PEDRO', 'pendente', '12/04/2026');
INSERT INTO compras (id, semana, produto_id, produto, qtd, valor_unitario, valor_total, fornecedor, status, data) VALUES (1800000000034, 15, 3, 'Doce de leite pote', 10, 8, 80, 'MAURO', 'pendente', '12/04/2026');
INSERT INTO compras (id, semana, produto_id, produto, qtd, valor_unitario, valor_total, fornecedor, status, data) VALUES (1800000000035, 15, 26, 'DOCE DE LEITE COM COCO', 10, 8, 80, 'MAURO', 'pendente', '12/04/2026');
INSERT INTO compras (id, semana, produto_id, produto, qtd, valor_unitario, valor_total, fornecedor, status, data) VALUES (1800000000036, 15, 25, 'MINAS FEIRA', 10, 17, 170, 'Zé ezio', 'pendente', '12/04/2026');
INSERT INTO compras (id, semana, produto_id, produto, qtd, valor_unitario, valor_total, fornecedor, status, data) VALUES (1800000000037, 15, 12, 'Queijo minas frescal', 51, 15, 765, 'Tio', 'pago', '12/04/2026');
INSERT INTO compras (id, semana, produto_id, produto, qtd, valor_unitario, valor_total, fornecedor, status, data) VALUES (1800000000038, 15, 12, 'Queijo minas frescal', 20, 17, 340, 'Zé ezio', 'pendente', '12/04/2026');
INSERT INTO compras (id, semana, produto_id, produto, qtd, valor_unitario, valor_total, fornecedor, status, data) VALUES (1800000000039, 15, 2, 'Doce de leite pedaço', 30, 2, 60, 'Mauro', 'pendente', '12/04/2026');
INSERT INTO compras (id, semana, produto_id, produto, qtd, valor_unitario, valor_total, fornecedor, status, data) VALUES (1800000000040, 15, 3, 'Doce de leite pote', 10, 8, 80, 'Mauro', 'pendente', '12/04/2026');
INSERT INTO compras (id, semana, produto_id, produto, qtd, valor_unitario, valor_total, fornecedor, status, data) VALUES (1800000000041, 15, 16, 'Queijo nozinho', 13, 22.5, 292.5, 'Pedro', 'pendente', '12/04/2026');
INSERT INTO compras (id, semana, produto_id, produto, qtd, valor_unitario, valor_total, fornecedor, status, data) VALUES (1800000000042, 16, 8, 'Manteiga pequena', 10, 7, 70, 'CARMEM', 'pendente', '14/04/2026');
TRUNCATE TABLE vendas CASCADE;
INSERT INTO vendas (id, semana, vendedor, cliente, produto_id, produto, qtd, valor_unitario, valor_total, lucro, custo_medio, status, data) VALUES (1810000000000, 13, 'Igor', 'RAFAEL MONTADOR MX', 13, 'Queijo minas padrão', 1, 40, 40, 11.5, 28.5, 'pendente', '28/03/2026');
INSERT INTO vendas (id, semana, vendedor, cliente, produto_id, produto, qtd, valor_unitario, valor_total, lucro, custo_medio, status, data) VALUES (1810000000001, 13, 'Igor', 'HUGO MERITOR', 11, 'Queijo do reino', 1, 45, 45, 18.596999999999998, 26.403000000000002, 'pago', '28/03/2026');
INSERT INTO vendas (id, semana, vendedor, cliente, produto_id, produto, qtd, valor_unitario, valor_total, lucro, custo_medio, status, data) VALUES (1810000000002, 13, 'Igor', 'HUGO MERITOR', NULL, 'Doce de lete pote', 1, 18, 18, 0, 18, 'pago', '28/03/2026');
INSERT INTO vendas (id, semana, vendedor, cliente, produto_id, produto, qtd, valor_unitario, valor_total, lucro, custo_medio, status, data) VALUES (1810000000003, 14, 'Igor', 'TAMARA KS', 12, 'Queijo minas frescal', 1, 28, 28, 12.116022099447514, 15.883977900552486, 'pago', '02/04/2026');
INSERT INTO vendas (id, semana, vendedor, cliente, produto_id, produto, qtd, valor_unitario, valor_total, lucro, custo_medio, status, data) VALUES (1810000000004, 14, 'Cláudio', 'FABRICIO QUATIS', 12, 'Queijo minas frescal', 1, 28, 28, 12.116022099447514, 15.883977900552486, 'pago', '02/04/2026');
INSERT INTO vendas (id, semana, vendedor, cliente, produto_id, produto, qtd, valor_unitario, valor_total, lucro, custo_medio, status, data) VALUES (1810000000005, 14, 'Igor', 'GLAUCIA', 12, 'Queijo minas frescal', 1, 28, 28, 12.116022099447514, 15.883977900552486, 'pago', '02/04/2026');
INSERT INTO vendas (id, semana, vendedor, cliente, produto_id, produto, qtd, valor_unitario, valor_total, lucro, custo_medio, status, data) VALUES (1810000000006, 14, 'Igor', 'MAICOM TRIM 2', 12, 'Queijo minas frescal', 1, 28, 28, 12.116022099447514, 15.883977900552486, 'pendente', '02/04/2026');
INSERT INTO vendas (id, semana, vendedor, cliente, produto_id, produto, qtd, valor_unitario, valor_total, lucro, custo_medio, status, data) VALUES (1810000000007, 14, 'Igor', 'ROBSON KS', 12, 'Queijo minas frescal', 1, 28, 28, 12.116022099447514, 15.883977900552486, 'pago', '02/04/2026');
INSERT INTO vendas (id, semana, vendedor, cliente, produto_id, produto, qtd, valor_unitario, valor_total, lucro, custo_medio, status, data) VALUES (1810000000008, 14, 'Igor', 'SILVANA MC', 12, 'Queijo minas frescal', 1, 28, 28, 12.116022099447514, 15.883977900552486, 'pago', '02/04/2026');
INSERT INTO vendas (id, semana, vendedor, cliente, produto_id, produto, qtd, valor_unitario, valor_total, lucro, custo_medio, status, data) VALUES (1810000000009, 14, 'Igor', 'VINICIUS LÍDER', 16, 'Queijo nozinho', 1, 36, 36, 13.5, 22.5, 'pendente', '02/04/2026');
INSERT INTO vendas (id, semana, vendedor, cliente, produto_id, produto, qtd, valor_unitario, valor_total, lucro, custo_medio, status, data) VALUES (1810000000010, 14, 'Igor', 'VINICIUS LÍDER', NULL, 'Paçoca', 1, 25, 25, 15, 10, 'pendente', '02/04/2026');
INSERT INTO vendas (id, semana, vendedor, cliente, produto_id, produto, qtd, valor_unitario, valor_total, lucro, custo_medio, status, data) VALUES (1810000000011, 14, 'Igor', 'GABRIL REBOCADOR', 10, 'Queijo 4 cores', 1, 45, 45, 17.93, 27.07, 'pendente', '02/04/2026');
INSERT INTO vendas (id, semana, vendedor, cliente, produto_id, produto, qtd, valor_unitario, valor_total, lucro, custo_medio, status, data) VALUES (1810000000012, 14, 'Antônio', 'ZÉ QUATIS', 12, 'Queijo minas frescal', 1, 28, 28, 12.116022099447514, 15.883977900552486, 'pendente', '02/04/2026');
INSERT INTO vendas (id, semana, vendedor, cliente, produto_id, produto, qtd, valor_unitario, valor_total, lucro, custo_medio, status, data) VALUES (1810000000013, 14, 'Antônio', 'ZÉ QUATIS', 5, 'Geleia', 1, 20, 20, 8, 12, 'pendente', '02/04/2026');
INSERT INTO vendas (id, semana, vendedor, cliente, produto_id, produto, qtd, valor_unitario, valor_total, lucro, custo_medio, status, data) VALUES (1810000000014, 14, 'Igor', 'DUDA TIME DUDU', 16, 'Queijo nozinho', 1, 36, 36, 13.5, 22.5, 'pago', '02/04/2026');
INSERT INTO vendas (id, semana, vendedor, cliente, produto_id, produto, qtd, valor_unitario, valor_total, lucro, custo_medio, status, data) VALUES (1810000000015, 14, 'Igor', 'FABRICIO CORDENADOR', 13, 'Queijo minas padrão', 1, 40, 40, 11.5, 28.5, 'pendente', '02/04/2026');
INSERT INTO vendas (id, semana, vendedor, cliente, produto_id, produto, qtd, valor_unitario, valor_total, lucro, custo_medio, status, data) VALUES (1810000000016, 14, 'Igor', 'FABINHO MAXION', 13, 'Queijo minas padrão', 1, 40, 40, 11.5, 28.5, 'pendente', '02/04/2026');
INSERT INTO vendas (id, semana, vendedor, cliente, produto_id, produto, qtd, valor_unitario, valor_total, lucro, custo_medio, status, data) VALUES (1810000000017, 14, 'Igor', 'AGUILHER', NULL, 'PADRÃO TEMPERADO', 1, 45, 45, 15.760000000000002, 29.24, 'pago', '02/04/2026');
INSERT INTO vendas (id, semana, vendedor, cliente, produto_id, produto, qtd, valor_unitario, valor_total, lucro, custo_medio, status, data) VALUES (1810000000018, 14, 'Igor', 'ADRIANO LÍDER', NULL, 'PADRÃO TEMPERADO', 1, 45, 45, 15.760000000000002, 29.24, 'pendente', '02/04/2026');
INSERT INTO vendas (id, semana, vendedor, cliente, produto_id, produto, qtd, valor_unitario, valor_total, lucro, custo_medio, status, data) VALUES (1810000000019, 14, 'Igor', 'LÉO MARADONA', 12, 'Queijo minas frescal', 1, 28, 28, 12.116022099447514, 15.883977900552486, 'pendente', '02/04/2026');
INSERT INTO vendas (id, semana, vendedor, cliente, produto_id, produto, qtd, valor_unitario, valor_total, lucro, custo_medio, status, data) VALUES (1810000000020, 14, 'Igor', 'MAX 1T', 12, 'Queijo minas frescal', 1, 28, 28, 12.116022099447514, 15.883977900552486, 'pago', '02/04/2026');
INSERT INTO vendas (id, semana, vendedor, cliente, produto_id, produto, qtd, valor_unitario, valor_total, lucro, custo_medio, status, data) VALUES (1810000000021, 14, 'Igor', 'PAQUITO', 12, 'Queijo minas frescal', 1, 28, 28, 12.116022099447514, 15.883977900552486, 'pago', '02/04/2026');
INSERT INTO vendas (id, semana, vendedor, cliente, produto_id, produto, qtd, valor_unitario, valor_total, lucro, custo_medio, status, data) VALUES (1810000000022, 14, 'Igor', 'CAROL RECEBIMENTO', 12, 'Queijo minas frescal', 1, 28, 28, 12.116022099447514, 15.883977900552486, 'pago', '02/04/2026');
INSERT INTO vendas (id, semana, vendedor, cliente, produto_id, produto, qtd, valor_unitario, valor_total, lucro, custo_medio, status, data) VALUES (1810000000023, 14, 'Igor', 'PRÉ MONTAGEM', 12, 'Queijo minas frescal', 1, 28, 28, 12.116022099447514, 15.883977900552486, 'pago', '02/04/2026');
INSERT INTO vendas (id, semana, vendedor, cliente, produto_id, produto, qtd, valor_unitario, valor_total, lucro, custo_medio, status, data) VALUES (1810000000024, 14, 'Igor', 'GUILHERME MAXION QA', 12, 'Queijo minas frescal', 1, 28, 28, 12.116022099447514, 15.883977900552486, 'pendente', '02/04/2026');
INSERT INTO vendas (id, semana, vendedor, cliente, produto_id, produto, qtd, valor_unitario, valor_total, lucro, custo_medio, status, data) VALUES (1810000000025, 14, 'Igor', 'GILBERTO TIME DUDU', 16, 'Queijo nozinho', 1, 36, 36, 13.5, 22.5, 'pendente', '02/04/2026');
INSERT INTO vendas (id, semana, vendedor, cliente, produto_id, produto, qtd, valor_unitario, valor_total, lucro, custo_medio, status, data) VALUES (1810000000026, 14, 'Igor', 'GILBERTO TIME DUDU', 12, 'Queijo minas frescal', 1, 28, 28, 12.116022099447514, 15.883977900552486, 'pendente', '02/04/2026');
INSERT INTO vendas (id, semana, vendedor, cliente, produto_id, produto, qtd, valor_unitario, valor_total, lucro, custo_medio, status, data) VALUES (1810000000027, 14, 'Igor', 'DIEGO TRIM 2', 8, 'Manteiga pequena', 1, 12, 12, 5, 7, 'pendente', '02/04/2026');
INSERT INTO vendas (id, semana, vendedor, cliente, produto_id, produto, qtd, valor_unitario, valor_total, lucro, custo_medio, status, data) VALUES (1810000000028, 14, 'Igor', 'DIEGO TRIM 2', 12, 'Queijo minas frescal', 1, 28, 28, 12.116022099447514, 15.883977900552486, 'pendente', '02/04/2026');
INSERT INTO vendas (id, semana, vendedor, cliente, produto_id, produto, qtd, valor_unitario, valor_total, lucro, custo_medio, status, data) VALUES (1810000000029, 14, 'Igor', 'THIAGO MAXION LF', 12, 'Queijo minas frescal', 1, 28, 28, 12.116022099447514, 15.883977900552486, 'pendente', '02/04/2026');
INSERT INTO vendas (id, semana, vendedor, cliente, produto_id, produto, qtd, valor_unitario, valor_total, lucro, custo_medio, status, data) VALUES (1810000000030, 14, 'Igor', 'NATY KS', 12, 'Queijo minas frescal', 1, 28, 28, 12.116022099447514, 15.883977900552486, 'pendente', '02/04/2026');
INSERT INTO vendas (id, semana, vendedor, cliente, produto_id, produto, qtd, valor_unitario, valor_total, lucro, custo_medio, status, data) VALUES (1810000000031, 14, 'Igor', 'THIAGO KS', 12, 'Queijo minas frescal', 1, 28, 28, 12.116022099447514, 15.883977900552486, 'pendente', '02/04/2026');
INSERT INTO vendas (id, semana, vendedor, cliente, produto_id, produto, qtd, valor_unitario, valor_total, lucro, custo_medio, status, data) VALUES (1810000000032, 14, 'Igor', 'VALENTIN', 12, 'Queijo minas frescal', 1, 28, 28, 12.116022099447514, 15.883977900552486, 'pendente', '02/04/2026');
INSERT INTO vendas (id, semana, vendedor, cliente, produto_id, produto, qtd, valor_unitario, valor_total, lucro, custo_medio, status, data) VALUES (1810000000033, 14, 'Igor', 'JOÃO KS', 12, 'Queijo minas frescal', 1, 28, 28, 12.116022099447514, 15.883977900552486, 'pendente', '02/04/2026');
INSERT INTO vendas (id, semana, vendedor, cliente, produto_id, produto, qtd, valor_unitario, valor_total, lucro, custo_medio, status, data) VALUES (1810000000034, 14, 'Igor', 'ALESSANDRO PM MAXION', 12, 'Queijo minas frescal', 1, 28, 28, 12.116022099447514, 15.883977900552486, 'pendente', '02/04/2026');
INSERT INTO vendas (id, semana, vendedor, cliente, produto_id, produto, qtd, valor_unitario, valor_total, lucro, custo_medio, status, data) VALUES (1810000000035, 14, 'Igor', 'MEXICANO MAXION', 12, 'Queijo minas frescal', 1, 28, 28, 12.116022099447514, 15.883977900552486, 'pendente', '02/04/2026');
INSERT INTO vendas (id, semana, vendedor, cliente, produto_id, produto, qtd, valor_unitario, valor_total, lucro, custo_medio, status, data) VALUES (1810000000036, 14, 'Igor', 'DIEGO LF', 12, 'Queijo minas frescal', 1, 28, 28, 12.116022099447514, 15.883977900552486, 'pago', '02/04/2026');
INSERT INTO vendas (id, semana, vendedor, cliente, produto_id, produto, qtd, valor_unitario, valor_total, lucro, custo_medio, status, data) VALUES (1810000000037, 14, 'Igor', 'GUILHERME MERITOR', 12, 'Queijo minas frescal', 1, 28, 28, 12.116022099447514, 15.883977900552486, 'pendente', '02/04/2026');
INSERT INTO vendas (id, semana, vendedor, cliente, produto_id, produto, qtd, valor_unitario, valor_total, lucro, custo_medio, status, data) VALUES (1810000000038, 14, 'Cláudio', 'REI DO MATE', 12, 'Queijo minas frescal', 1, 28, 28, 12.116022099447514, 15.883977900552486, 'pago', '02/04/2026');
INSERT INTO vendas (id, semana, vendedor, cliente, produto_id, produto, qtd, valor_unitario, valor_total, lucro, custo_medio, status, data) VALUES (1810000000039, 14, 'Igor', 'ADRIANO PM MAXION 18 REIAS', NULL, 'Provolone Defumado', 1, 10, 10, 0, 10, 'pago', '02/04/2026');
INSERT INTO vendas (id, semana, vendedor, cliente, produto_id, produto, qtd, valor_unitario, valor_total, lucro, custo_medio, status, data) VALUES (1810000000040, 14, 'Igor', 'SILVANA MC', 7, 'Linguiça', 1, 25, 25, 12.5, 12.5, 'pago', '02/04/2026');
INSERT INTO vendas (id, semana, vendedor, cliente, produto_id, produto, qtd, valor_unitario, valor_total, lucro, custo_medio, status, data) VALUES (1810000000041, 14, 'Igor', 'FARAÓ', 3, 'Doce de leite pote', 1, 18, 18, 10, 8, 'pago', '02/04/2026');
INSERT INTO vendas (id, semana, vendedor, cliente, produto_id, produto, qtd, valor_unitario, valor_total, lucro, custo_medio, status, data) VALUES (1810000000042, 14, 'Igor', 'PAULO MAXION', 2, 'Doce de leite pedaço', 1, 5, 5, 3, 2, 'pendente', '02/04/2026');
INSERT INTO vendas (id, semana, vendedor, cliente, produto_id, produto, qtd, valor_unitario, valor_total, lucro, custo_medio, status, data) VALUES (1810000000043, 14, 'Igor', 'MIKAEL', 2, 'Doce de leite pedaço', 1, 5, 5, 3, 2, 'pago', '02/04/2026');
INSERT INTO vendas (id, semana, vendedor, cliente, produto_id, produto, qtd, valor_unitario, valor_total, lucro, custo_medio, status, data) VALUES (1810000000044, 14, 'Igor', 'NATÁLIA ZP6', 2, 'Doce de leite pedaço', 2, 5, 10, 6, 2, 'pendente', '02/04/2026');
INSERT INTO vendas (id, semana, vendedor, cliente, produto_id, produto, qtd, valor_unitario, valor_total, lucro, custo_medio, status, data) VALUES (1810000000045, 14, 'Igor', 'TIAGO FERNANDA', 15, 'Queijo mussarelinha', 1, 32, 32, 12, 20, 'pendente', '02/04/2026');
INSERT INTO vendas (id, semana, vendedor, cliente, produto_id, produto, qtd, valor_unitario, valor_total, lucro, custo_medio, status, data) VALUES (1810000000046, 14, 'Igor', 'SILVIO MAXION', 2, 'Doce de leite pedaço', 1, 5, 5, 3, 2, 'pago', '02/04/2026');
INSERT INTO vendas (id, semana, vendedor, cliente, produto_id, produto, qtd, valor_unitario, valor_total, lucro, custo_medio, status, data) VALUES (1810000000047, 14, 'Igor', 'SILVIO STD', 2, 'Doce de leite pedaço', 2, 5, 10, 6, 2, 'pago', '02/04/2026');
INSERT INTO vendas (id, semana, vendedor, cliente, produto_id, produto, qtd, valor_unitario, valor_total, lucro, custo_medio, status, data) VALUES (1810000000048, 14, 'Igor', 'LETICIA', 2, 'Doce de leite pedaço', 2, 5, 10, 6, 2, 'pendente', '02/04/2026');
INSERT INTO vendas (id, semana, vendedor, cliente, produto_id, produto, qtd, valor_unitario, valor_total, lucro, custo_medio, status, data) VALUES (1810000000049, 14, 'Igor', 'VILMAR PWT', 12, 'Queijo minas frescal', 1, 28, 28, 12.116022099447514, 15.883977900552486, 'pago', '02/04/2026');
INSERT INTO vendas (id, semana, vendedor, cliente, produto_id, produto, qtd, valor_unitario, valor_total, lucro, custo_medio, status, data) VALUES (1810000000050, 14, 'Igor', 'PAULO MAXION', 3, 'Doce de leite pote', 1, 18, 18, 10, 8, 'pendente', '02/04/2026');
INSERT INTO vendas (id, semana, vendedor, cliente, produto_id, produto, qtd, valor_unitario, valor_total, lucro, custo_medio, status, data) VALUES (1810000000051, 14, 'Igor', 'PAULO MAXION', 12, 'Queijo minas frescal', 1, 28, 28, 12.116022099447514, 15.883977900552486, 'pendente', '02/04/2026');
INSERT INTO vendas (id, semana, vendedor, cliente, produto_id, produto, qtd, valor_unitario, valor_total, lucro, custo_medio, status, data) VALUES (1810000000052, 14, 'Igor', 'FERNANDO MANUTENÇÃO', 12, 'Queijo minas frescal', 1, 28, 28, 12.116022099447514, 15.883977900552486, 'pago', '02/04/2026');
INSERT INTO vendas (id, semana, vendedor, cliente, produto_id, produto, qtd, valor_unitario, valor_total, lucro, custo_medio, status, data) VALUES (1810000000053, 14, 'Igor', 'HARLEY', 12, 'Queijo minas frescal', 1, 28, 28, 12.116022099447514, 15.883977900552486, 'pendente', '02/04/2026');
INSERT INTO vendas (id, semana, vendedor, cliente, produto_id, produto, qtd, valor_unitario, valor_total, lucro, custo_medio, status, data) VALUES (1810000000054, 14, 'Igor', 'RAFAEL CHASSI MAXION', 12, 'Queijo minas frescal', 1, 28, 28, 12.116022099447514, 15.883977900552486, 'pago', '02/04/2026');
INSERT INTO vendas (id, semana, vendedor, cliente, produto_id, produto, qtd, valor_unitario, valor_total, lucro, custo_medio, status, data) VALUES (1810000000055, 14, 'Igor', 'JOSÉ ROBERTO PM TUBULAÇÃO', 12, 'Queijo minas frescal', 1, 28, 28, 12.116022099447514, 15.883977900552486, 'pendente', '02/04/2026');
INSERT INTO vendas (id, semana, vendedor, cliente, produto_id, produto, qtd, valor_unitario, valor_total, lucro, custo_medio, status, data) VALUES (1810000000056, 14, 'Igor', 'ADRIANO GI', 12, 'Queijo minas frescal', 1, 28, 28, 12.116022099447514, 15.883977900552486, 'pendente', '02/04/2026');
INSERT INTO vendas (id, semana, vendedor, cliente, produto_id, produto, qtd, valor_unitario, valor_total, lucro, custo_medio, status, data) VALUES (1810000000057, 14, 'Igor', 'NETINHO', 12, 'Queijo minas frescal', 1, 28, 28, 12.116022099447514, 15.883977900552486, 'pendente', '02/04/2026');
INSERT INTO vendas (id, semana, vendedor, cliente, produto_id, produto, qtd, valor_unitario, valor_total, lucro, custo_medio, status, data) VALUES (1810000000058, 14, 'Igor', 'MARCOS STD', 12, 'Queijo minas frescal', 1, 28, 28, 12.116022099447514, 15.883977900552486, 'pago', '02/04/2026');
INSERT INTO vendas (id, semana, vendedor, cliente, produto_id, produto, qtd, valor_unitario, valor_total, lucro, custo_medio, status, data) VALUES (1810000000059, 14, 'Igor', 'MIGUEL MC', 12, 'Queijo minas frescal', 1, 28, 28, 12.116022099447514, 15.883977900552486, 'pago', '02/04/2026');
INSERT INTO vendas (id, semana, vendedor, cliente, produto_id, produto, qtd, valor_unitario, valor_total, lucro, custo_medio, status, data) VALUES (1810000000060, 14, 'Igor', 'MARCUS INSPETOR', 12, 'Queijo minas frescal', 1, 28, 28, 12.116022099447514, 15.883977900552486, 'pendente', '02/04/2026');
INSERT INTO vendas (id, semana, vendedor, cliente, produto_id, produto, qtd, valor_unitario, valor_total, lucro, custo_medio, status, data) VALUES (1810000000061, 14, 'Igor', 'FABIANO JSL MAXION', 16, 'Queijo nozinho', 2, 36, 72, 27, 22.5, 'pendente', '02/04/2026');
INSERT INTO vendas (id, semana, vendedor, cliente, produto_id, produto, qtd, valor_unitario, valor_total, lucro, custo_medio, status, data) VALUES (1810000000062, 14, 'Igor', 'MARCOLIHA', 13, 'Queijo minas padrão', 1, 40, 40, 11.5, 28.5, 'pago', '02/04/2026');
INSERT INTO vendas (id, semana, vendedor, cliente, produto_id, produto, qtd, valor_unitario, valor_total, lucro, custo_medio, status, data) VALUES (1810000000063, 14, 'Igor', 'CASTANHA', 13, 'Queijo minas padrão', 1, 40, 40, 11.5, 28.5, 'pendente', '02/04/2026');
INSERT INTO vendas (id, semana, vendedor, cliente, produto_id, produto, qtd, valor_unitario, valor_total, lucro, custo_medio, status, data) VALUES (1810000000064, 14, 'Igor', 'CALIXTO', 3, 'Doce de leite pote', 1, 18, 18, 10, 8, 'pago', '02/04/2026');
INSERT INTO vendas (id, semana, vendedor, cliente, produto_id, produto, qtd, valor_unitario, valor_total, lucro, custo_medio, status, data) VALUES (1810000000065, 14, 'Igor', 'FABINHO MAXION', 7, 'Linguiça', 1, 25, 25, 12.5, 12.5, 'pendente', '02/04/2026');
INSERT INTO vendas (id, semana, vendedor, cliente, produto_id, produto, qtd, valor_unitario, valor_total, lucro, custo_medio, status, data) VALUES (1810000000066, 14, 'Cláudio', 'ANDREA IRMÃ', 16, 'Queijo nozinho', 2, 36, 72, 27, 22.5, 'pago', '02/04/2026');
INSERT INTO vendas (id, semana, vendedor, cliente, produto_id, produto, qtd, valor_unitario, valor_total, lucro, custo_medio, status, data) VALUES (1810000000067, 14, 'Cláudio', 'ANDREA IRMÃ', 3, 'Doce de leite pote', 1, 18, 18, 10, 8, 'pago', '02/04/2026');
INSERT INTO vendas (id, semana, vendedor, cliente, produto_id, produto, qtd, valor_unitario, valor_total, lucro, custo_medio, status, data) VALUES (1810000000068, 14, 'Cláudio', 'ANDREA IRMÃ', 3, 'Doce de leite pote', 1, 18, 18, 10, 8, 'pago', '02/04/2026');
INSERT INTO vendas (id, semana, vendedor, cliente, produto_id, produto, qtd, valor_unitario, valor_total, lucro, custo_medio, status, data) VALUES (1810000000069, 14, 'Cláudio', 'ANDREA IRMÃ', 5, 'Geleia', 1, 20, 20, 8, 12, 'pago', '02/04/2026');
INSERT INTO vendas (id, semana, vendedor, cliente, produto_id, produto, qtd, valor_unitario, valor_total, lucro, custo_medio, status, data) VALUES (1810000000070, 14, 'Cláudio', 'ANDREA IRMÃ', 13, 'Queijo minas padrão', 1, 40, 40, 11.5, 28.5, 'pago', '02/04/2026');
INSERT INTO vendas (id, semana, vendedor, cliente, produto_id, produto, qtd, valor_unitario, valor_total, lucro, custo_medio, status, data) VALUES (1810000000071, 14, 'Cláudio', 'ANDREA IRMÃ', 12, 'Queijo minas frescal', 1, 28, 28, 12.116022099447514, 15.883977900552486, 'pago', '02/04/2026');
INSERT INTO vendas (id, semana, vendedor, cliente, produto_id, produto, qtd, valor_unitario, valor_total, lucro, custo_medio, status, data) VALUES (1810000000072, 14, 'Cláudio', 'TALISON', 12, 'Queijo minas frescal', 1, 28, 28, 12.116022099447514, 15.883977900552486, 'pendente', '02/04/2026');
INSERT INTO vendas (id, semana, vendedor, cliente, produto_id, produto, qtd, valor_unitario, valor_total, lucro, custo_medio, status, data) VALUES (1810000000073, 14, 'Cláudio', 'TALISON', NULL, 'Paçoca', 1, 25, 25, 15, 10, 'pendente', '02/04/2026');
INSERT INTO vendas (id, semana, vendedor, cliente, produto_id, produto, qtd, valor_unitario, valor_total, lucro, custo_medio, status, data) VALUES (1810000000074, 14, 'Cláudio', 'TALISON', 19, 'Requeijão', 1, 18, 18, 8.5, 9.5, 'pendente', '02/04/2026');
INSERT INTO vendas (id, semana, vendedor, cliente, produto_id, produto, qtd, valor_unitario, valor_total, lucro, custo_medio, status, data) VALUES (1810000000075, 14, 'Cláudio', 'TALISON', 3, 'Doce de leite pote', 1, 18, 18, 10, 8, 'pendente', '02/04/2026');
INSERT INTO vendas (id, semana, vendedor, cliente, produto_id, produto, qtd, valor_unitario, valor_total, lucro, custo_medio, status, data) VALUES (1810000000076, 14, 'Antônio', 'MARIANA PCE', 12, 'Queijo minas frescal', 1, 28, 28, 12.116022099447514, 15.883977900552486, 'pago', '02/04/2026');
INSERT INTO vendas (id, semana, vendedor, cliente, produto_id, produto, qtd, valor_unitario, valor_total, lucro, custo_medio, status, data) VALUES (1810000000077, 14, 'Antônio', 'FRANCIS PCE', 3, 'Doce de leite pote', 2, 18, 36, 20, 8, 'pago', '02/04/2026');
INSERT INTO vendas (id, semana, vendedor, cliente, produto_id, produto, qtd, valor_unitario, valor_total, lucro, custo_medio, status, data) VALUES (1810000000078, 14, 'Antônio', 'FRANCIS PCE', 12, 'Queijo minas frescal', 1, 28, 28, 12.116022099447514, 15.883977900552486, 'pago', '02/04/2026');
INSERT INTO vendas (id, semana, vendedor, cliente, produto_id, produto, qtd, valor_unitario, valor_total, lucro, custo_medio, status, data) VALUES (1810000000079, 14, 'Antônio', 'DOUGLAS TST', 12, 'Queijo minas frescal', 1, 28, 28, 12.116022099447514, 15.883977900552486, 'pago', '02/04/2026');
INSERT INTO vendas (id, semana, vendedor, cliente, produto_id, produto, qtd, valor_unitario, valor_total, lucro, custo_medio, status, data) VALUES (1810000000080, 14, 'Antônio', 'DOUGLAS TST', NULL, 'Paçoca', 1, 25, 25, 15, 10, 'pago', '02/04/2026');
INSERT INTO vendas (id, semana, vendedor, cliente, produto_id, produto, qtd, valor_unitario, valor_total, lucro, custo_medio, status, data) VALUES (1810000000081, 14, 'Antônio', 'DOUGLAS TST', 6, 'Goiabada', 1, 20, 20, 8, 12, 'pago', '02/04/2026');
INSERT INTO vendas (id, semana, vendedor, cliente, produto_id, produto, qtd, valor_unitario, valor_total, lucro, custo_medio, status, data) VALUES (1810000000082, 14, 'Antônio', 'CAROL ASSISTENTE', 12, 'Queijo minas frescal', 2, 28, 56, 24.23204419889503, 15.883977900552486, 'pago', '02/04/2026');
INSERT INTO vendas (id, semana, vendedor, cliente, produto_id, produto, qtd, valor_unitario, valor_total, lucro, custo_medio, status, data) VALUES (1810000000083, 14, 'Antônio', 'BRUNO KS', 12, 'Queijo minas frescal', 1, 28, 28, 12.116022099447514, 15.883977900552486, 'pago', '02/04/2026');
INSERT INTO vendas (id, semana, vendedor, cliente, produto_id, produto, qtd, valor_unitario, valor_total, lucro, custo_medio, status, data) VALUES (1810000000084, 14, 'Antônio', 'BRUNO KS', 3, 'Doce de leite pote', 1, 18, 18, 10, 8, 'pago', '02/04/2026');
INSERT INTO vendas (id, semana, vendedor, cliente, produto_id, produto, qtd, valor_unitario, valor_total, lucro, custo_medio, status, data) VALUES (1810000000085, 14, 'Igor', 'MIGUEL MC', 16, 'Queijo nozinho', 1, 36, 36, 13.5, 22.5, 'pendente', '02/04/2026');
INSERT INTO vendas (id, semana, vendedor, cliente, produto_id, produto, qtd, valor_unitario, valor_total, lucro, custo_medio, status, data) VALUES (1810000000086, 14, 'Igor', 'LÉO CARECA', 13, 'Queijo minas padrão', 1, 40, 40, 11.5, 28.5, 'pago', '02/04/2026');
INSERT INTO vendas (id, semana, vendedor, cliente, produto_id, produto, qtd, valor_unitario, valor_total, lucro, custo_medio, status, data) VALUES (1810000000087, 14, 'Igor', 'MATHEUS 2T', 13, 'Queijo minas padrão', 1, 40, 40, 11.5, 28.5, 'pendente', '02/04/2026');
INSERT INTO vendas (id, semana, vendedor, cliente, produto_id, produto, qtd, valor_unitario, valor_total, lucro, custo_medio, status, data) VALUES (1810000000088, 14, 'Igor', 'RICARDO MERITOR', 20, 'Queijo Prato', 1, 45, 45, 18.2, 26.8, 'pendente', '02/04/2026');
INSERT INTO vendas (id, semana, vendedor, cliente, produto_id, produto, qtd, valor_unitario, valor_total, lucro, custo_medio, status, data) VALUES (1810000000089, 14, 'Igor', 'EUSEBIO', 12, 'Queijo minas frescal', 1, 28, 28, 12.116022099447514, 15.883977900552486, 'pago', '02/04/2026');
INSERT INTO vendas (id, semana, vendedor, cliente, produto_id, produto, qtd, valor_unitario, valor_total, lucro, custo_medio, status, data) VALUES (1810000000090, 14, 'Igor', 'CLEITON 1T', 12, 'Queijo minas frescal', 1, 28, 28, 12.116022099447514, 15.883977900552486, 'pendente', '02/04/2026');
INSERT INTO vendas (id, semana, vendedor, cliente, produto_id, produto, qtd, valor_unitario, valor_total, lucro, custo_medio, status, data) VALUES (1810000000091, 14, 'Igor', 'LUCAS MERITOR', 12, 'Queijo minas frescal', 1, 28, 28, 12.116022099447514, 15.883977900552486, 'pendente', '02/04/2026');
INSERT INTO vendas (id, semana, vendedor, cliente, produto_id, produto, qtd, valor_unitario, valor_total, lucro, custo_medio, status, data) VALUES (1810000000092, 14, 'Igor', 'LUCAS MERITOR', 8, 'Manteiga pequena', 1, 12, 12, 5, 7, 'pendente', '02/04/2026');
INSERT INTO vendas (id, semana, vendedor, cliente, produto_id, produto, qtd, valor_unitario, valor_total, lucro, custo_medio, status, data) VALUES (1810000000093, 14, 'Igor', 'DENTINHO MAXION', 12, 'Queijo minas frescal', 1, 28, 28, 12.116022099447514, 15.883977900552486, 'pendente', '02/04/2026');
INSERT INTO vendas (id, semana, vendedor, cliente, produto_id, produto, qtd, valor_unitario, valor_total, lucro, custo_medio, status, data) VALUES (1810000000094, 14, 'Igor', 'ROMULO TRIM 2', 12, 'Queijo minas frescal', 1, 28, 28, 12.116022099447514, 15.883977900552486, 'pendente', '02/04/2026');
INSERT INTO vendas (id, semana, vendedor, cliente, produto_id, produto, qtd, valor_unitario, valor_total, lucro, custo_medio, status, data) VALUES (1810000000095, 14, 'Igor', 'ALDRIN', 12, 'Queijo minas frescal', 1, 28, 28, 12.116022099447514, 15.883977900552486, 'pendente', '02/04/2026');
INSERT INTO vendas (id, semana, vendedor, cliente, produto_id, produto, qtd, valor_unitario, valor_total, lucro, custo_medio, status, data) VALUES (1810000000096, 14, 'Igor', 'JULIANA SOGRA', 3, 'Doce de leite pote', 1, 18, 18, 10, 8, 'pago', '02/04/2026');
INSERT INTO vendas (id, semana, vendedor, cliente, produto_id, produto, qtd, valor_unitario, valor_total, lucro, custo_medio, status, data) VALUES (1810000000097, 14, 'Igor', 'JULIANA SOGRA', 12, 'Queijo minas frescal', 2, 28, 56, 24.23204419889503, 15.883977900552486, 'pago', '02/04/2026');
INSERT INTO vendas (id, semana, vendedor, cliente, produto_id, produto, qtd, valor_unitario, valor_total, lucro, custo_medio, status, data) VALUES (1810000000098, 14, 'Igor', 'DANI 3T', 12, 'Queijo minas frescal', 1, 28, 28, 12.116022099447514, 15.883977900552486, 'pago', '02/04/2026');
INSERT INTO vendas (id, semana, vendedor, cliente, produto_id, produto, qtd, valor_unitario, valor_total, lucro, custo_medio, status, data) VALUES (1810000000099, 14, 'Igor', 'GABRIEL ANANIAS', 12, 'Queijo minas frescal', 1, 28, 28, 12.116022099447514, 15.883977900552486, 'pago', '02/04/2026');
INSERT INTO vendas (id, semana, vendedor, cliente, produto_id, produto, qtd, valor_unitario, valor_total, lucro, custo_medio, status, data) VALUES (1810000000100, 14, 'Igor', 'ALEX CHASSI', 12, 'Queijo minas frescal', 1, 28, 28, 12.116022099447514, 15.883977900552486, 'pendente', '02/04/2026');
INSERT INTO vendas (id, semana, vendedor, cliente, produto_id, produto, qtd, valor_unitario, valor_total, lucro, custo_medio, status, data) VALUES (1810000000101, 14, 'Igor', 'JEFERSON KS', 12, 'Queijo minas frescal', 1, 28, 28, 12.116022099447514, 15.883977900552486, 'pendente', '02/04/2026');
INSERT INTO vendas (id, semana, vendedor, cliente, produto_id, produto, qtd, valor_unitario, valor_total, lucro, custo_medio, status, data) VALUES (1810000000102, 15, 'Antônio', 'REI DO MATE', 12, 'Queijo minas frescal', 1, 28, 28, 12.116022099447514, 15.883977900552486, 'pago', '06/04/2026');
INSERT INTO vendas (id, semana, vendedor, cliente, produto_id, produto, qtd, valor_unitario, valor_total, lucro, custo_medio, status, data) VALUES (1810000000103, 15, 'Antônio', 'ANNA CARLA', 16, 'Queijo nozinho', 1, 36, 36, 13.5, 22.5, 'pago', '06/04/2026');
INSERT INTO vendas (id, semana, vendedor, cliente, produto_id, produto, qtd, valor_unitario, valor_total, lucro, custo_medio, status, data) VALUES (1810000000104, 15, 'Antônio', 'CLESIO', 16, 'Queijo nozinho', 1, 36, 36, 13.5, 22.5, 'pago', '06/04/2026');
INSERT INTO vendas (id, semana, vendedor, cliente, produto_id, produto, qtd, valor_unitario, valor_total, lucro, custo_medio, status, data) VALUES (1810000000105, 15, 'Antônio', 'TIA ANNA', 16, 'Queijo nozinho', 1, 36, 36, 13.5, 22.5, 'pago', '06/04/2026');
INSERT INTO vendas (id, semana, vendedor, cliente, produto_id, produto, qtd, valor_unitario, valor_total, lucro, custo_medio, status, data) VALUES (1810000000106, 15, 'Antônio', 'IRMÃ ANNA', 13, 'Queijo minas padrão', 1, 40, 40, 11.5, 28.5, 'pago', '06/04/2026');
INSERT INTO vendas (id, semana, vendedor, cliente, produto_id, produto, qtd, valor_unitario, valor_total, lucro, custo_medio, status, data) VALUES (1810000000107, 15, 'Antônio', 'IRMÃ ANNA', 16, 'Queijo nozinho', 1, 36, 36, 13.5, 22.5, 'pago', '06/04/2026');
INSERT INTO vendas (id, semana, vendedor, cliente, produto_id, produto, qtd, valor_unitario, valor_total, lucro, custo_medio, status, data) VALUES (1810000000108, 15, 'Igor', 'WARLEY KS', 16, 'Queijo nozinho', 1, 36, 36, 13.5, 22.5, 'pendente', '06/04/2026');
INSERT INTO vendas (id, semana, vendedor, cliente, produto_id, produto, qtd, valor_unitario, valor_total, lucro, custo_medio, status, data) VALUES (1810000000109, 15, 'Igor', 'GABRIEL ANANIAS', 3, 'Doce de leite pote', 1, 18, 18, 10, 8, 'pago', '06/04/2026');
INSERT INTO vendas (id, semana, vendedor, cliente, produto_id, produto, qtd, valor_unitario, valor_total, lucro, custo_medio, status, data) VALUES (1810000000110, 15, 'Igor', 'DUDA TIME DUDU', 12, 'Queijo minas frescal', 1, 28, 28, 12.116022099447514, 15.883977900552486, 'pago', '06/04/2026');
INSERT INTO vendas (id, semana, vendedor, cliente, produto_id, produto, qtd, valor_unitario, valor_total, lucro, custo_medio, status, data) VALUES (1810000000111, 15, 'Igor', 'LEANDRO MERITOR', 10, 'Queijo 4 cores', 1, 45, 45, 17.93, 27.07, 'pendente', '06/04/2026');
INSERT INTO vendas (id, semana, vendedor, cliente, produto_id, produto, qtd, valor_unitario, valor_total, lucro, custo_medio, status, data) VALUES (1810000000112, 15, 'Igor', 'JOÃO POSTO 2 MAXION', NULL, 'PADRÃO TEMPERADO', 1, 45, 45, 15.760000000000002, 29.24, 'pendente', '06/04/2026');
INSERT INTO vendas (id, semana, vendedor, cliente, produto_id, produto, qtd, valor_unitario, valor_total, lucro, custo_medio, status, data) VALUES (1810000000113, 15, 'Antônio', 'VALESCA ANNA', 16, 'Queijo nozinho', 1, 36, 36, 13.5, 22.5, 'pago', '06/04/2026');
INSERT INTO vendas (id, semana, vendedor, cliente, produto_id, produto, qtd, valor_unitario, valor_total, lucro, custo_medio, status, data) VALUES (1810000000114, 15, 'Antônio', 'JOSIANE ANNA', 10, 'Queijo 4 cores', 1, 45, 45, 17.93, 27.07, 'pago', '06/04/2026');
INSERT INTO vendas (id, semana, vendedor, cliente, produto_id, produto, qtd, valor_unitario, valor_total, lucro, custo_medio, status, data) VALUES (1810000000115, 15, 'Antônio', 'GRAÇA ANNA', 12, 'Queijo minas frescal', 1, 28, 28, 12.116022099447514, 15.883977900552486, 'pago', '06/04/2026');
INSERT INTO vendas (id, semana, vendedor, cliente, produto_id, produto, qtd, valor_unitario, valor_total, lucro, custo_medio, status, data) VALUES (1810000000116, 15, 'Antônio', 'GRAÇA ANNA', 3, 'Doce de leite pote', 1, 18, 18, 10, 8, 'pago', '06/04/2026');
INSERT INTO vendas (id, semana, vendedor, cliente, produto_id, produto, qtd, valor_unitario, valor_total, lucro, custo_medio, status, data) VALUES (1810000000117, 15, 'Antônio', 'ALESSANDRO ANNA', 12, 'Queijo minas frescal', 1, 28, 28, 12.116022099447514, 15.883977900552486, 'pago', '06/04/2026');
INSERT INTO vendas (id, semana, vendedor, cliente, produto_id, produto, qtd, valor_unitario, valor_total, lucro, custo_medio, status, data) VALUES (1810000000118, 15, 'Antônio', 'JOSIANE ANNA', 12, 'Queijo minas frescal', 1, 28, 28, 12.116022099447514, 15.883977900552486, 'pago', '06/04/2026');
INSERT INTO vendas (id, semana, vendedor, cliente, produto_id, produto, qtd, valor_unitario, valor_total, lucro, custo_medio, status, data) VALUES (1810000000119, 15, 'Cláudio', 'FEIRA', 16, 'Queijo nozinho', 1, 36, 36, 13.5, 22.5, 'pago', '06/04/2026');
INSERT INTO vendas (id, semana, vendedor, cliente, produto_id, produto, qtd, valor_unitario, valor_total, lucro, custo_medio, status, data) VALUES (1810000000120, 15, 'Cláudio', 'FEIRA', 16, 'Queijo nozinho', 1, 36, 36, 13.5, 22.5, 'pago', '06/04/2026');
INSERT INTO vendas (id, semana, vendedor, cliente, produto_id, produto, qtd, valor_unitario, valor_total, lucro, custo_medio, status, data) VALUES (1810000000121, 15, 'Cláudio', 'FEIRA', 16, 'Queijo nozinho', 1, 36, 36, 13.5, 22.5, 'pago', '06/04/2026');
INSERT INTO vendas (id, semana, vendedor, cliente, produto_id, produto, qtd, valor_unitario, valor_total, lucro, custo_medio, status, data) VALUES (1810000000122, 15, 'Antônio', 'RATÃO', 16, 'Queijo nozinho', 1, 36, 36, 13.5, 22.5, 'pago', '06/04/2026');
INSERT INTO vendas (id, semana, vendedor, cliente, produto_id, produto, qtd, valor_unitario, valor_total, lucro, custo_medio, status, data) VALUES (1810000000123, 15, 'Cláudio', 'FEIRA', 13, 'Queijo minas padrão', 1, 40, 40, 11.5, 28.5, 'pago', '06/04/2026');
INSERT INTO vendas (id, semana, vendedor, cliente, produto_id, produto, qtd, valor_unitario, valor_total, lucro, custo_medio, status, data) VALUES (1810000000124, 15, 'Igor', 'NICOLAS MERITOR( DIA 31/03)', 20, 'Queijo Prato', 1, 45, 45, 18.2, 26.8, 'pendente', '06/04/2026');
INSERT INTO vendas (id, semana, vendedor, cliente, produto_id, produto, qtd, valor_unitario, valor_total, lucro, custo_medio, status, data) VALUES (1810000000125, 15, 'Cláudio', 'FEIRA', 5, 'Geleia', 1, 20, 20, 8, 12, 'pago', '06/04/2026');
INSERT INTO vendas (id, semana, vendedor, cliente, produto_id, produto, qtd, valor_unitario, valor_total, lucro, custo_medio, status, data) VALUES (1810000000126, 15, 'Cláudio', 'FEIRA', 17, 'Queijo parmesão', 1, 45, 45, 17, 28, 'pago', '06/04/2026');
INSERT INTO vendas (id, semana, vendedor, cliente, produto_id, produto, qtd, valor_unitario, valor_total, lucro, custo_medio, status, data) VALUES (1810000000127, 15, 'Cláudio', 'FEIRA', 8, 'Manteiga pequena', 2, 12, 24, 10, 7, 'pago', '06/04/2026');
INSERT INTO vendas (id, semana, vendedor, cliente, produto_id, produto, qtd, valor_unitario, valor_total, lucro, custo_medio, status, data) VALUES (1810000000128, 15, 'Cláudio', 'FEIRA', 6, 'Goiabada', 2, 20, 40, 16, 12, 'pago', '06/04/2026');
INSERT INTO vendas (id, semana, vendedor, cliente, produto_id, produto, qtd, valor_unitario, valor_total, lucro, custo_medio, status, data) VALUES (1810000000129, 15, 'Cláudio', 'FEIRA', 7, 'Linguiça', 2, 25, 50, 25, 12.5, 'pago', '06/04/2026');
INSERT INTO vendas (id, semana, vendedor, cliente, produto_id, produto, qtd, valor_unitario, valor_total, lucro, custo_medio, status, data) VALUES (1810000000130, 15, 'Cláudio', 'FEIRA', 25, 'MINAS FEIRA', 8, 30, 240, 0, 30, 'pago', '06/04/2026');
INSERT INTO vendas (id, semana, vendedor, cliente, produto_id, produto, qtd, valor_unitario, valor_total, lucro, custo_medio, status, data) VALUES (1810000000131, 15, 'Cláudio', 'FEIRA', 2, 'Doce de leite pedaço', 1, 5, 5, 3, 2, 'pago', '06/04/2026');
INSERT INTO vendas (id, semana, vendedor, cliente, produto_id, produto, qtd, valor_unitario, valor_total, lucro, custo_medio, status, data) VALUES (1810000000132, 15, 'Cláudio', 'FEIRA', 3, 'Doce de leite pote', 4, 18, 72, 40, 8, 'pago', '06/04/2026');
INSERT INTO vendas (id, semana, vendedor, cliente, produto_id, produto, qtd, valor_unitario, valor_total, lucro, custo_medio, status, data) VALUES (1810000000133, 15, 'Cláudio', 'TIAGO SUPERVISOR', 17, 'Queijo parmesão', 1, 45, 45, 17, 28, 'pago', '06/04/2026');
INSERT INTO vendas (id, semana, vendedor, cliente, produto_id, produto, qtd, valor_unitario, valor_total, lucro, custo_medio, status, data) VALUES (1810000000134, 15, 'Igor', 'CASTANHA', NULL, 'Paçoca', 1, 25, 25, 15, 10, 'pendente', '06/04/2026');
INSERT INTO vendas (id, semana, vendedor, cliente, produto_id, produto, qtd, valor_unitario, valor_total, lucro, custo_medio, status, data) VALUES (1810000000135, 15, 'Antônio', 'ROGIL', 12, 'Queijo minas frescal', 1, 28, 28, 12.116022099447514, 15.883977900552486, 'pago', '07/04/2026');
INSERT INTO vendas (id, semana, vendedor, cliente, produto_id, produto, qtd, valor_unitario, valor_total, lucro, custo_medio, status, data) VALUES (1810000000136, 15, 'Antônio', 'GUILHERME SENCOM', 12, 'Queijo minas frescal', 1, 28, 28, 12.116022099447514, 15.883977900552486, 'pago', '07/04/2026');
INSERT INTO vendas (id, semana, vendedor, cliente, produto_id, produto, qtd, valor_unitario, valor_total, lucro, custo_medio, status, data) VALUES (1810000000137, 15, 'Antônio', 'GUILHERME SENCOM', 3, 'Doce de leite pote', 1, 18, 18, 10, 8, 'pago', '07/04/2026');
INSERT INTO vendas (id, semana, vendedor, cliente, produto_id, produto, qtd, valor_unitario, valor_total, lucro, custo_medio, status, data) VALUES (1810000000138, 15, 'Antônio', 'RODRIGO AMIGO GUI', 12, 'Queijo minas frescal', 1, 28, 28, 12.116022099447514, 15.883977900552486, 'pago', '07/04/2026');
INSERT INTO vendas (id, semana, vendedor, cliente, produto_id, produto, qtd, valor_unitario, valor_total, lucro, custo_medio, status, data) VALUES (1810000000139, 15, 'Antônio', 'ANCELMO', 3, 'Doce de leite pote', 2, 18, 36, 20, 8, 'pago', '07/04/2026');
INSERT INTO vendas (id, semana, vendedor, cliente, produto_id, produto, qtd, valor_unitario, valor_total, lucro, custo_medio, status, data) VALUES (1810000000140, 15, 'Antônio', 'VALDIR ALUGUEL', 12, 'Queijo minas frescal', 1, 28, 28, 12.116022099447514, 15.883977900552486, 'pago', '07/04/2026');
INSERT INTO vendas (id, semana, vendedor, cliente, produto_id, produto, qtd, valor_unitario, valor_total, lucro, custo_medio, status, data) VALUES (1810000000141, 15, 'Igor', 'AGUILHER', 16, 'Queijo nozinho', 2, 36, 72, 27, 22.5, 'pago', '07/04/2026');
INSERT INTO vendas (id, semana, vendedor, cliente, produto_id, produto, qtd, valor_unitario, valor_total, lucro, custo_medio, status, data) VALUES (1810000000142, 15, 'Igor', 'LÉO CARECA', 13, 'Queijo minas padrão', 1, 40, 40, 11.5, 28.5, 'pago', '07/04/2026');
INSERT INTO vendas (id, semana, vendedor, cliente, produto_id, produto, qtd, valor_unitario, valor_total, lucro, custo_medio, status, data) VALUES (1810000000143, 15, 'Igor', 'GUSTAVO STD', 26, 'DOCE DE LEITE COM COCO', 1, 20, 20, 12, 8, 'pendente', '07/04/2026');
INSERT INTO vendas (id, semana, vendedor, cliente, produto_id, produto, qtd, valor_unitario, valor_total, lucro, custo_medio, status, data) VALUES (1810000000144, 15, 'Igor', 'FARAÓ', 26, 'DOCE DE LEITE COM COCO', 1, 20, 20, 12, 8, 'pago', '07/04/2026');
INSERT INTO vendas (id, semana, vendedor, cliente, produto_id, produto, qtd, valor_unitario, valor_total, lucro, custo_medio, status, data) VALUES (1810000000145, 15, 'Igor', 'PAULO LEADEC', 12, 'Queijo minas frescal', 1, 28, 28, 12.116022099447514, 15.883977900552486, 'pendente', '07/04/2026');
INSERT INTO vendas (id, semana, vendedor, cliente, produto_id, produto, qtd, valor_unitario, valor_total, lucro, custo_medio, status, data) VALUES (1810000000146, 15, 'Igor', 'VINICIUS LÍDER', 12, 'Queijo minas frescal', 1, 28, 28, 12.116022099447514, 15.883977900552486, 'pendente', '07/04/2026');
INSERT INTO vendas (id, semana, vendedor, cliente, produto_id, produto, qtd, valor_unitario, valor_total, lucro, custo_medio, status, data) VALUES (1810000000147, 15, 'Igor', 'KARINE', 12, 'Queijo minas frescal', 1, 28, 28, 12.116022099447514, 15.883977900552486, 'pago', '07/04/2026');
INSERT INTO vendas (id, semana, vendedor, cliente, produto_id, produto, qtd, valor_unitario, valor_total, lucro, custo_medio, status, data) VALUES (1810000000148, 15, 'Igor', 'BOLSONARO', 12, 'Queijo minas frescal', 1, 28, 28, 12.116022099447514, 15.883977900552486, 'pendente', '07/04/2026');
INSERT INTO vendas (id, semana, vendedor, cliente, produto_id, produto, qtd, valor_unitario, valor_total, lucro, custo_medio, status, data) VALUES (1810000000149, 15, 'Igor', 'PAULA KS', 12, 'Queijo minas frescal', 1, 28, 28, 12.116022099447514, 15.883977900552486, 'pendente', '07/04/2026');
INSERT INTO vendas (id, semana, vendedor, cliente, produto_id, produto, qtd, valor_unitario, valor_total, lucro, custo_medio, status, data) VALUES (1810000000150, 15, 'Igor', 'JHONATAN PASSOS (FERRUGEM)', 12, 'Queijo minas frescal', 1, 28, 28, 12.116022099447514, 15.883977900552486, 'pago', '07/04/2026');
INSERT INTO vendas (id, semana, vendedor, cliente, produto_id, produto, qtd, valor_unitario, valor_total, lucro, custo_medio, status, data) VALUES (1810000000151, 15, 'Antônio', 'MAX PASTEL', 13, 'Queijo minas padrão', 1, 40, 40, 11.5, 28.5, 'pago', '07/04/2026');
INSERT INTO vendas (id, semana, vendedor, cliente, produto_id, produto, qtd, valor_unitario, valor_total, lucro, custo_medio, status, data) VALUES (1810000000152, 15, 'Antônio', 'CLEUSA RH', 12, 'Queijo minas frescal', 1, 28, 28, 12.116022099447514, 15.883977900552486, 'pago', '07/04/2026');
INSERT INTO vendas (id, semana, vendedor, cliente, produto_id, produto, qtd, valor_unitario, valor_total, lucro, custo_medio, status, data) VALUES (1810000000153, 15, 'Antônio', 'CLEUSA RH', 26, 'DOCE DE LEITE COM COCO', 1, 20, 20, 12, 8, 'pago', '07/04/2026');
INSERT INTO vendas (id, semana, vendedor, cliente, produto_id, produto, qtd, valor_unitario, valor_total, lucro, custo_medio, status, data) VALUES (1810000000154, 15, 'Antônio', 'CLEUSA RH', 3, 'Doce de leite pote', 1, 18, 18, 10, 8, 'pago', '07/04/2026');
INSERT INTO vendas (id, semana, vendedor, cliente, produto_id, produto, qtd, valor_unitario, valor_total, lucro, custo_medio, status, data) VALUES (1810000000155, 15, 'Antônio', 'WALDECI BUIU PCE', 20, 'Queijo Prato', 1, 45, 45, 18.2, 26.8, 'pago', '07/04/2026');
INSERT INTO vendas (id, semana, vendedor, cliente, produto_id, produto, qtd, valor_unitario, valor_total, lucro, custo_medio, status, data) VALUES (1810000000156, 15, 'Antônio', 'JOÃO SKD', 12, 'Queijo minas frescal', 1, 28, 28, 12.116022099447514, 15.883977900552486, 'pago', '07/04/2026');
INSERT INTO vendas (id, semana, vendedor, cliente, produto_id, produto, qtd, valor_unitario, valor_total, lucro, custo_medio, status, data) VALUES (1810000000157, 15, 'Antônio', 'ZÉ QUATIS', 28, 'OVO CAIPIRA', 1, 18, 18, 6, 12, 'pendente', '07/04/2026');
INSERT INTO vendas (id, semana, vendedor, cliente, produto_id, produto, qtd, valor_unitario, valor_total, lucro, custo_medio, status, data) VALUES (1810000000158, 15, 'Cláudio', 'FABRICIO QUATIS', 12, 'Queijo minas frescal', 1, 28, 28, 12.116022099447514, 15.883977900552486, 'pago', '07/04/2026');
INSERT INTO vendas (id, semana, vendedor, cliente, produto_id, produto, qtd, valor_unitario, valor_total, lucro, custo_medio, status, data) VALUES (1810000000159, 15, 'Antônio', 'FERNANDO SKD', 5, 'Geleia', 1, 20, 20, 8, 12, 'pago', '08/04/2026');
INSERT INTO vendas (id, semana, vendedor, cliente, produto_id, produto, qtd, valor_unitario, valor_total, lucro, custo_medio, status, data) VALUES (1810000000160, 15, 'Antônio', 'MARCOS QUATIS', 7, 'Linguiça', 1, 25, 25, 12.5, 12.5, 'pago', '08/04/2026');
INSERT INTO vendas (id, semana, vendedor, cliente, produto_id, produto, qtd, valor_unitario, valor_total, lucro, custo_medio, status, data) VALUES (1810000000161, 15, 'Antônio', 'MARIA HELENA', 7, 'Linguiça', 1, 25, 25, 12.5, 12.5, 'pago', '08/04/2026');
INSERT INTO vendas (id, semana, vendedor, cliente, produto_id, produto, qtd, valor_unitario, valor_total, lucro, custo_medio, status, data) VALUES (1810000000162, 15, 'Antônio', 'ALDO', 26, 'DOCE DE LEITE COM COCO', 1, 20, 20, 12, 8, 'pago', '08/04/2026');
INSERT INTO vendas (id, semana, vendedor, cliente, produto_id, produto, qtd, valor_unitario, valor_total, lucro, custo_medio, status, data) VALUES (1810000000163, 15, 'Antônio', 'VALBER', 3, 'Doce de leite pote', 1, 18, 18, 10, 8, 'pago', '08/04/2026');
INSERT INTO vendas (id, semana, vendedor, cliente, produto_id, produto, qtd, valor_unitario, valor_total, lucro, custo_medio, status, data) VALUES (1810000000164, 15, 'Antônio', 'VALBER', 17, 'Queijo parmesão', 1, 45, 45, 17, 28, 'pago', '08/04/2026');
INSERT INTO vendas (id, semana, vendedor, cliente, produto_id, produto, qtd, valor_unitario, valor_total, lucro, custo_medio, status, data) VALUES (1810000000165, 15, 'Antônio', 'VALBER', 7, 'Linguiça', 1, 25, 25, 12.5, 12.5, 'pago', '08/04/2026');
INSERT INTO vendas (id, semana, vendedor, cliente, produto_id, produto, qtd, valor_unitario, valor_total, lucro, custo_medio, status, data) VALUES (1810000000166, 15, 'Antônio', 'VALBER', 6, 'Goiabada', 1, 20, 20, 8, 12, 'pago', '08/04/2026');
INSERT INTO vendas (id, semana, vendedor, cliente, produto_id, produto, qtd, valor_unitario, valor_total, lucro, custo_medio, status, data) VALUES (1810000000167, 15, 'Antônio', 'VALBER', 16, 'Queijo nozinho', 1, 36, 36, 13.5, 22.5, 'pago', '08/04/2026');
INSERT INTO vendas (id, semana, vendedor, cliente, produto_id, produto, qtd, valor_unitario, valor_total, lucro, custo_medio, status, data) VALUES (1810000000168, 15, 'Antônio', 'WALDECI BUIU PCE', 3, 'Doce de leite pote', 1, 18, 18, 10, 8, 'pago', '08/04/2026');
INSERT INTO vendas (id, semana, vendedor, cliente, produto_id, produto, qtd, valor_unitario, valor_total, lucro, custo_medio, status, data) VALUES (1810000000169, 15, 'Antônio', 'ADILSON TCM', 3, 'Doce de leite pote', 1, 18, 18, 10, 8, 'pago', '08/04/2026');
INSERT INTO vendas (id, semana, vendedor, cliente, produto_id, produto, qtd, valor_unitario, valor_total, lucro, custo_medio, status, data) VALUES (1810000000170, 15, 'Antônio', 'ADILSON TCM', 12, 'Queijo minas frescal', 1, 28, 28, 12.116022099447514, 15.883977900552486, 'pago', '08/04/2026');
INSERT INTO vendas (id, semana, vendedor, cliente, produto_id, produto, qtd, valor_unitario, valor_total, lucro, custo_medio, status, data) VALUES (1810000000171, 15, 'Antônio', 'ADILSON TCM', 2, 'Doce de leite pedaço', 2, 5, 10, 6, 2, 'pago', '08/04/2026');
INSERT INTO vendas (id, semana, vendedor, cliente, produto_id, produto, qtd, valor_unitario, valor_total, lucro, custo_medio, status, data) VALUES (1810000000172, 15, 'Antônio', 'ADILSON TCM', 6, 'Goiabada', 1, 20, 20, 8, 12, 'pago', '08/04/2026');
INSERT INTO vendas (id, semana, vendedor, cliente, produto_id, produto, qtd, valor_unitario, valor_total, lucro, custo_medio, status, data) VALUES (1810000000173, 15, 'Antônio', 'ZÉ MURIAÇO', 26, 'DOCE DE LEITE COM COCO', 1, 20, 20, 12, 8, 'pago', '08/04/2026');
INSERT INTO vendas (id, semana, vendedor, cliente, produto_id, produto, qtd, valor_unitario, valor_total, lucro, custo_medio, status, data) VALUES (1810000000174, 15, 'Antônio', 'ZÉ MURIAÇO', 2, 'Doce de leite pedaço', 2, 5, 10, 6, 2, 'pago', '08/04/2026');
INSERT INTO vendas (id, semana, vendedor, cliente, produto_id, produto, qtd, valor_unitario, valor_total, lucro, custo_medio, status, data) VALUES (1810000000175, 15, 'Antônio', 'ZÉ MURIAÇO', 13, 'Queijo minas padrão', 1, 40, 40, 11.5, 28.5, 'pago', '08/04/2026');
INSERT INTO vendas (id, semana, vendedor, cliente, produto_id, produto, qtd, valor_unitario, valor_total, lucro, custo_medio, status, data) VALUES (1810000000176, 15, 'Antônio', 'RATÃO', 12, 'Queijo minas frescal', 1, 28, 28, 12.116022099447514, 15.883977900552486, 'pago', '08/04/2026');
INSERT INTO vendas (id, semana, vendedor, cliente, produto_id, produto, qtd, valor_unitario, valor_total, lucro, custo_medio, status, data) VALUES (1810000000177, 15, 'Antônio', 'RATÃO', 5, 'Geleia', 1, 20, 20, 8, 12, 'pago', '08/04/2026');
INSERT INTO vendas (id, semana, vendedor, cliente, produto_id, produto, qtd, valor_unitario, valor_total, lucro, custo_medio, status, data) VALUES (1810000000178, 15, 'Igor', 'LETICIA', 2, 'Doce de leite pedaço', 2, 5, 10, 6, 2, 'pago', '08/04/2026');
INSERT INTO vendas (id, semana, vendedor, cliente, produto_id, produto, qtd, valor_unitario, valor_total, lucro, custo_medio, status, data) VALUES (1810000000179, 15, 'Igor', 'FELIPE SALA', 2, 'Doce de leite pedaço', 1, 5, 5, 3, 2, 'pendente', '08/04/2026');
INSERT INTO vendas (id, semana, vendedor, cliente, produto_id, produto, qtd, valor_unitario, valor_total, lucro, custo_medio, status, data) VALUES (1810000000180, 15, 'Igor', 'RAFAEL MONTADOR MX', 2, 'Doce de leite pedaço', 1, 5, 5, 3, 2, 'pendente', '08/04/2026');
INSERT INTO vendas (id, semana, vendedor, cliente, produto_id, produto, qtd, valor_unitario, valor_total, lucro, custo_medio, status, data) VALUES (1810000000181, 15, 'Igor', 'MEMEL', 2, 'Doce de leite pedaço', 1, 5, 5, 3, 2, 'pago', '08/04/2026');
INSERT INTO vendas (id, semana, vendedor, cliente, produto_id, produto, qtd, valor_unitario, valor_total, lucro, custo_medio, status, data) VALUES (1810000000182, 15, 'Igor', 'GLAUCIA', 2, 'Doce de leite pedaço', 1, 5, 5, 3, 2, 'pago', '08/04/2026');
INSERT INTO vendas (id, semana, vendedor, cliente, produto_id, produto, qtd, valor_unitario, valor_total, lucro, custo_medio, status, data) VALUES (1810000000183, 15, 'Igor', 'FELIPE MAXION POSTO 2', 13, 'Queijo minas padrão', 1, 40, 40, 11.5, 28.5, 'pendente', '08/04/2026');
INSERT INTO vendas (id, semana, vendedor, cliente, produto_id, produto, qtd, valor_unitario, valor_total, lucro, custo_medio, status, data) VALUES (1810000000184, 15, 'Igor', 'RICARDO MERITOR', 20, 'Queijo Prato', 1, 45, 45, 18.2, 26.8, 'pendente', '08/04/2026');
INSERT INTO vendas (id, semana, vendedor, cliente, produto_id, produto, qtd, valor_unitario, valor_total, lucro, custo_medio, status, data) VALUES (1810000000185, 15, 'Igor', 'RAFAEL MAXION', 10, 'Queijo 4 cores', 1, 45, 45, 17.93, 27.07, 'pendente', '08/04/2026');
INSERT INTO vendas (id, semana, vendedor, cliente, produto_id, produto, qtd, valor_unitario, valor_total, lucro, custo_medio, status, data) VALUES (1810000000186, 15, 'Igor', 'KARINE', 8, 'Manteiga pequena', 1, 12, 12, 5, 7, 'pago', '08/04/2026');
INSERT INTO vendas (id, semana, vendedor, cliente, produto_id, produto, qtd, valor_unitario, valor_total, lucro, custo_medio, status, data) VALUES (1810000000187, 15, 'Igor', 'KARINE', 5, 'Geleia', 1, 20, 20, 8, 12, 'pago', '08/04/2026');
INSERT INTO vendas (id, semana, vendedor, cliente, produto_id, produto, qtd, valor_unitario, valor_total, lucro, custo_medio, status, data) VALUES (1810000000188, 15, 'Igor', 'NATY KS', 5, 'Geleia', 1, 20, 20, 8, 12, 'pendente', '08/04/2026');
INSERT INTO vendas (id, semana, vendedor, cliente, produto_id, produto, qtd, valor_unitario, valor_total, lucro, custo_medio, status, data) VALUES (1810000000189, 15, 'Igor', 'DANIEL LF', 16, 'Queijo nozinho', 1, 36, 36, 13.5, 22.5, 'pendente', '08/04/2026');
INSERT INTO vendas (id, semana, vendedor, cliente, produto_id, produto, qtd, valor_unitario, valor_total, lucro, custo_medio, status, data) VALUES (1810000000190, 15, 'Igor', 'ADRIANO GI', 12, 'Queijo minas frescal', 1, 28, 28, 12.116022099447514, 15.883977900552486, 'pendente', '08/04/2026');
INSERT INTO vendas (id, semana, vendedor, cliente, produto_id, produto, qtd, valor_unitario, valor_total, lucro, custo_medio, status, data) VALUES (1810000000191, 15, 'Igor', 'RICARDO PM TUBULAÇÃO', 12, 'Queijo minas frescal', 1, 28, 28, 12.116022099447514, 15.883977900552486, 'pendente', '08/04/2026');
INSERT INTO vendas (id, semana, vendedor, cliente, produto_id, produto, qtd, valor_unitario, valor_total, lucro, custo_medio, status, data) VALUES (1810000000192, 15, 'Igor', 'DANILO', 12, 'Queijo minas frescal', 1, 28, 28, 12.116022099447514, 15.883977900552486, 'pendente', '08/04/2026');
INSERT INTO vendas (id, semana, vendedor, cliente, produto_id, produto, qtd, valor_unitario, valor_total, lucro, custo_medio, status, data) VALUES (1810000000193, 15, 'Igor', 'FELIPE 01 MAXION', 12, 'Queijo minas frescal', 1, 28, 28, 12.116022099447514, 15.883977900552486, 'pendente', '08/04/2026');
INSERT INTO vendas (id, semana, vendedor, cliente, produto_id, produto, qtd, valor_unitario, valor_total, lucro, custo_medio, status, data) VALUES (1810000000194, 15, 'Igor', 'IARA RDM', 7, 'Linguiça', 1, 25, 25, 12.5, 12.5, 'pago', '08/04/2026');
INSERT INTO vendas (id, semana, vendedor, cliente, produto_id, produto, qtd, valor_unitario, valor_total, lucro, custo_medio, status, data) VALUES (1810000000195, 15, 'Igor', 'FABIOLA RDM DIA 20', 7, 'Linguiça', 1, 25, 25, 12.5, 12.5, 'pendente', '08/04/2026');
INSERT INTO vendas (id, semana, vendedor, cliente, produto_id, produto, qtd, valor_unitario, valor_total, lucro, custo_medio, status, data) VALUES (1810000000196, 15, 'Igor', 'MAGALI', 6, 'Goiabada', 1, 20, 20, 8, 12, 'pago', '08/04/2026');
INSERT INTO vendas (id, semana, vendedor, cliente, produto_id, produto, qtd, valor_unitario, valor_total, lucro, custo_medio, status, data) VALUES (1810000000197, 15, 'Igor', 'VINICIUS LÍDER', NULL, 'Paçoca', 1, 25, 25, 15, 10, 'pendente', '08/04/2026');
INSERT INTO vendas (id, semana, vendedor, cliente, produto_id, produto, qtd, valor_unitario, valor_total, lucro, custo_medio, status, data) VALUES (1810000000198, 15, 'Antônio', 'THAMIRES', 12, 'Queijo minas frescal', 1, 28, 28, 12.116022099447514, 15.883977900552486, 'pago', '08/04/2026');
INSERT INTO vendas (id, semana, vendedor, cliente, produto_id, produto, qtd, valor_unitario, valor_total, lucro, custo_medio, status, data) VALUES (1810000000199, 15, 'Antônio', 'MANEL', 12, 'Queijo minas frescal', 1, 28, 28, 12.116022099447514, 15.883977900552486, 'pago', '08/04/2026');
INSERT INTO vendas (id, semana, vendedor, cliente, produto_id, produto, qtd, valor_unitario, valor_total, lucro, custo_medio, status, data) VALUES (1810000000200, 15, 'Antônio', 'ZAMBRONE', 12, 'Queijo minas frescal', 1, 28, 28, 12.116022099447514, 15.883977900552486, 'pago', '08/04/2026');
INSERT INTO vendas (id, semana, vendedor, cliente, produto_id, produto, qtd, valor_unitario, valor_total, lucro, custo_medio, status, data) VALUES (1810000000201, 15, 'Antônio', 'GABRIEL MOTORA', 6, 'Goiabada', 1, 20, 20, 8, 12, 'pago', '08/04/2026');
INSERT INTO vendas (id, semana, vendedor, cliente, produto_id, produto, qtd, valor_unitario, valor_total, lucro, custo_medio, status, data) VALUES (1810000000202, 15, 'Antônio', 'MARIANA', 3, 'Doce de leite pote', 1, 18, 18, 10, 8, 'pago', '08/04/2026');
INSERT INTO vendas (id, semana, vendedor, cliente, produto_id, produto, qtd, valor_unitario, valor_total, lucro, custo_medio, status, data) VALUES (1810000000205, 15, 'Igor', 'NATÁLIA ZP6', 2, 'Doce de leite pedaço', 2, 5, 10, 6, 2, 'pendente', '09/04/2026');
INSERT INTO vendas (id, semana, vendedor, cliente, produto_id, produto, qtd, valor_unitario, valor_total, lucro, custo_medio, status, data) VALUES (1810000000206, 15, 'Igor', 'CARLOS WALDIR', 2, 'Doce de leite pedaço', 1, 5, 5, 3, 2, 'pendente', '09/04/2026');
INSERT INTO vendas (id, semana, vendedor, cliente, produto_id, produto, qtd, valor_unitario, valor_total, lucro, custo_medio, status, data) VALUES (1810000000207, 15, 'Igor', 'ANDRESSA ZP6', 13, 'Queijo minas padrão', 1, 40, 40, 11.5, 28.5, 'pago', '09/04/2026');
INSERT INTO vendas (id, semana, vendedor, cliente, produto_id, produto, qtd, valor_unitario, valor_total, lucro, custo_medio, status, data) VALUES (1810000000208, 15, 'Igor', 'FELIPE PWT', 12, 'Queijo minas frescal', 1, 28, 28, 12.116022099447514, 15.883977900552486, 'pago', '09/04/2026');
INSERT INTO vendas (id, semana, vendedor, cliente, produto_id, produto, qtd, valor_unitario, valor_total, lucro, custo_medio, status, data) VALUES (1810000000209, 15, 'Igor', 'PAULO MAXION', 12, 'Queijo minas frescal', 1, 28, 28, 12.116022099447514, 15.883977900552486, 'pendente', '09/04/2026');
INSERT INTO vendas (id, semana, vendedor, cliente, produto_id, produto, qtd, valor_unitario, valor_total, lucro, custo_medio, status, data) VALUES (1810000000210, 15, 'Igor', 'PAULO MAXION', 7, 'Linguiça', 1, 25, 25, 12.5, 12.5, 'pendente', '09/04/2026');
INSERT INTO vendas (id, semana, vendedor, cliente, produto_id, produto, qtd, valor_unitario, valor_total, lucro, custo_medio, status, data) VALUES (1810000000211, 15, 'Igor', 'TAMARA KS', 12, 'Queijo minas frescal', 1, 28, 28, 12.116022099447514, 15.883977900552486, 'pago', '09/04/2026');
INSERT INTO vendas (id, semana, vendedor, cliente, produto_id, produto, qtd, valor_unitario, valor_total, lucro, custo_medio, status, data) VALUES (1810000000212, 15, 'Igor', 'TIAGO TRIM 2', 12, 'Queijo minas frescal', 1, 28, 28, 12.116022099447514, 15.883977900552486, 'pendente', '09/04/2026');
INSERT INTO vendas (id, semana, vendedor, cliente, produto_id, produto, qtd, valor_unitario, valor_total, lucro, custo_medio, status, data) VALUES (1810000000213, 15, 'Igor', 'MAICOM TRIM 2', 12, 'Queijo minas frescal', 1, 28, 28, 12.116022099447514, 15.883977900552486, 'pendente', '09/04/2026');
INSERT INTO vendas (id, semana, vendedor, cliente, produto_id, produto, qtd, valor_unitario, valor_total, lucro, custo_medio, status, data) VALUES (1810000000214, 15, 'Igor', 'MIGUEL MC', 10, 'Queijo 4 cores', 1, 45, 45, 17.93, 27.07, 'pendente', '09/04/2026');
INSERT INTO vendas (id, semana, vendedor, cliente, produto_id, produto, qtd, valor_unitario, valor_total, lucro, custo_medio, status, data) VALUES (1810000000215, 15, 'Igor', 'PITBUL KS', 8, 'Manteiga pequena', 1, 12, 12, 5, 7, 'pendente', '09/04/2026');
INSERT INTO vendas (id, semana, vendedor, cliente, produto_id, produto, qtd, valor_unitario, valor_total, lucro, custo_medio, status, data) VALUES (1810000000216, 15, 'Antônio', 'CINTIA PCE', 12, 'Queijo minas frescal', 1, 28, 28, 12.116022099447514, 15.883977900552486, 'pago', '10/04/2026');
INSERT INTO vendas (id, semana, vendedor, cliente, produto_id, produto, qtd, valor_unitario, valor_total, lucro, custo_medio, status, data) VALUES (1810000000217, 15, 'Antônio', 'PAULO SALA', 12, 'Queijo minas frescal', 1, 28, 28, 12.116022099447514, 15.883977900552486, 'pago', '10/04/2026');
INSERT INTO vendas (id, semana, vendedor, cliente, produto_id, produto, qtd, valor_unitario, valor_total, lucro, custo_medio, status, data) VALUES (1810000000218, 15, 'Antônio', 'TEBET', 12, 'Queijo minas frescal', 1, 28, 28, 12.116022099447514, 15.883977900552486, 'pago', '10/04/2026');
INSERT INTO vendas (id, semana, vendedor, cliente, produto_id, produto, qtd, valor_unitario, valor_total, lucro, custo_medio, status, data) VALUES (1810000000219, 15, 'Antônio', 'TEBET', 7, 'Linguiça', 1, 25, 25, 12.5, 12.5, 'pago', '10/04/2026');
INSERT INTO vendas (id, semana, vendedor, cliente, produto_id, produto, qtd, valor_unitario, valor_total, lucro, custo_medio, status, data) VALUES (1810000000220, 15, 'Antônio', 'TEBET', 10, 'Queijo 4 cores', 1, 45, 45, 17.93, 27.07, 'pago', '10/04/2026');
INSERT INTO vendas (id, semana, vendedor, cliente, produto_id, produto, qtd, valor_unitario, valor_total, lucro, custo_medio, status, data) VALUES (1810000000221, 15, 'Antônio', 'SILVANA PR', 12, 'Queijo minas frescal', 1, 28, 28, 12.116022099447514, 15.883977900552486, 'pago', '10/04/2026');
INSERT INTO vendas (id, semana, vendedor, cliente, produto_id, produto, qtd, valor_unitario, valor_total, lucro, custo_medio, status, data) VALUES (1810000000222, 15, 'Antônio', 'SILVANA PR', 7, 'Linguiça', 1, 25, 25, 12.5, 12.5, 'pago', '10/04/2026');
INSERT INTO vendas (id, semana, vendedor, cliente, produto_id, produto, qtd, valor_unitario, valor_total, lucro, custo_medio, status, data) VALUES (1810000000223, 15, 'Antônio', 'COSTELA', 13, 'Queijo minas padrão', 1, 40, 40, 11.5, 28.5, 'pago', '10/04/2026');
INSERT INTO vendas (id, semana, vendedor, cliente, produto_id, produto, qtd, valor_unitario, valor_total, lucro, custo_medio, status, data) VALUES (1810000000224, 15, 'Antônio', 'COSTELA', 19, 'Requeijão', 1, 18, 18, 8.5, 9.5, 'pago', '10/04/2026');
INSERT INTO vendas (id, semana, vendedor, cliente, produto_id, produto, qtd, valor_unitario, valor_total, lucro, custo_medio, status, data) VALUES (1810000000225, 15, 'Antônio', 'WAGNER LÍDER', 12, 'Queijo minas frescal', 1, 28, 28, 12.116022099447514, 15.883977900552486, 'pendente', '10/04/2026');
INSERT INTO vendas (id, semana, vendedor, cliente, produto_id, produto, qtd, valor_unitario, valor_total, lucro, custo_medio, status, data) VALUES (1810000000226, 15, 'Antônio', 'WAGNER LÍDER', 3, 'Doce de leite pote', 1, 18, 18, 10, 8, 'pendente', '10/04/2026');
INSERT INTO vendas (id, semana, vendedor, cliente, produto_id, produto, qtd, valor_unitario, valor_total, lucro, custo_medio, status, data) VALUES (1810000000227, 15, 'Antônio', 'RAFAEL SKD', 12, 'Queijo minas frescal', 1, 28, 28, 12.116022099447514, 15.883977900552486, 'pago', '10/04/2026');
INSERT INTO vendas (id, semana, vendedor, cliente, produto_id, produto, qtd, valor_unitario, valor_total, lucro, custo_medio, status, data) VALUES (1810000000228, 15, 'Antônio', 'EDMAR', 11, 'Queijo do reino', 1, 45, 45, 18.596999999999998, 26.403000000000002, 'pago', '10/04/2026');
INSERT INTO vendas (id, semana, vendedor, cliente, produto_id, produto, qtd, valor_unitario, valor_total, lucro, custo_medio, status, data) VALUES (1810000000229, 15, 'Antônio', 'RODRIGO MOTORA', 12, 'Queijo minas frescal', 2, 28, 56, 24.23204419889503, 15.883977900552486, 'pago', '10/04/2026');
INSERT INTO vendas (id, semana, vendedor, cliente, produto_id, produto, qtd, valor_unitario, valor_total, lucro, custo_medio, status, data) VALUES (1810000000230, 15, 'Antônio', 'RODRIGO MOTORA', 8, 'Manteiga pequena', 1, 12, 12, 5, 7, 'pago', '10/04/2026');
INSERT INTO vendas (id, semana, vendedor, cliente, produto_id, produto, qtd, valor_unitario, valor_total, lucro, custo_medio, status, data) VALUES (1810000000231, 15, 'Antônio', 'RODRIGO MOTORA', 7, 'Linguiça', 1, 25, 25, 12.5, 12.5, 'pago', '10/04/2026');
INSERT INTO vendas (id, semana, vendedor, cliente, produto_id, produto, qtd, valor_unitario, valor_total, lucro, custo_medio, status, data) VALUES (1810000000232, 15, 'Antônio', 'LÉO GATE', 8, 'Manteiga pequena', 1, 12, 12, 5, 7, 'pago', '10/04/2026');
INSERT INTO vendas (id, semana, vendedor, cliente, produto_id, produto, qtd, valor_unitario, valor_total, lucro, custo_medio, status, data) VALUES (1810000000233, 15, 'Antônio', 'ALEXANDRE MOTORA', 12, 'Queijo minas frescal', 1, 28, 28, 12.116022099447514, 15.883977900552486, 'pago', '10/04/2026');
INSERT INTO vendas (id, semana, vendedor, cliente, produto_id, produto, qtd, valor_unitario, valor_total, lucro, custo_medio, status, data) VALUES (1810000000234, 15, 'Antônio', 'DERLI MOTORA', 17, 'Queijo parmesão', 1, 45, 45, 17, 28, 'pago', '10/04/2026');
INSERT INTO vendas (id, semana, vendedor, cliente, produto_id, produto, qtd, valor_unitario, valor_total, lucro, custo_medio, status, data) VALUES (1810000000235, 15, 'Antônio', 'DERLI MOTORA', 6, 'Goiabada', 1, 20, 20, 8, 12, 'pago', '10/04/2026');
INSERT INTO vendas (id, semana, vendedor, cliente, produto_id, produto, qtd, valor_unitario, valor_total, lucro, custo_medio, status, data) VALUES (1810000000236, 15, 'Antônio', 'ANANIAS', 13, 'Queijo minas padrão', 1, 40, 40, 11.5, 28.5, 'pago', '10/04/2026');
INSERT INTO vendas (id, semana, vendedor, cliente, produto_id, produto, qtd, valor_unitario, valor_total, lucro, custo_medio, status, data) VALUES (1810000000237, 15, 'Antônio', 'DINGO', 12, 'Queijo minas frescal', 1, 28, 28, 12.116022099447514, 15.883977900552486, 'pago', '10/04/2026');
INSERT INTO vendas (id, semana, vendedor, cliente, produto_id, produto, qtd, valor_unitario, valor_total, lucro, custo_medio, status, data) VALUES (1810000000238, 15, 'Antônio', 'DINGO', 7, 'Linguiça', 1, 25, 25, 12.5, 12.5, 'pago', '10/04/2026');
INSERT INTO vendas (id, semana, vendedor, cliente, produto_id, produto, qtd, valor_unitario, valor_total, lucro, custo_medio, status, data) VALUES (1810000000239, 15, 'Antônio', 'FERNANDO SALA', 2, 'Doce de leite pedaço', 6, 5, 30, 18, 2, 'pago', '10/04/2026');
INSERT INTO vendas (id, semana, vendedor, cliente, produto_id, produto, qtd, valor_unitario, valor_total, lucro, custo_medio, status, data) VALUES (1810000000240, 15, 'Antônio', 'JESSICA GATE', 12, 'Queijo minas frescal', 1, 28, 28, 12.116022099447514, 15.883977900552486, 'pago', '10/04/2026');
INSERT INTO vendas (id, semana, vendedor, cliente, produto_id, produto, qtd, valor_unitario, valor_total, lucro, custo_medio, status, data) VALUES (1810000000241, 15, 'Antônio', 'JESSICA GATE', 5, 'Geleia', 1, 20, 20, 8, 12, 'pago', '10/04/2026');
INSERT INTO vendas (id, semana, vendedor, cliente, produto_id, produto, qtd, valor_unitario, valor_total, lucro, custo_medio, status, data) VALUES (1810000000242, 15, 'Antônio', 'ERIVELTON PAGAR SEGUNDA DINHEIRO', 12, 'Queijo minas frescal', 1, 28, 28, 12.116022099447514, 15.883977900552486, 'pago', '10/04/2026');
INSERT INTO vendas (id, semana, vendedor, cliente, produto_id, produto, qtd, valor_unitario, valor_total, lucro, custo_medio, status, data) VALUES (1810000000243, 15, 'Antônio', 'VEIO GATE  DINHEIRO', 6, 'Goiabada', 1, 20, 20, 8, 12, 'pago', '10/04/2026');
INSERT INTO vendas (id, semana, vendedor, cliente, produto_id, produto, qtd, valor_unitario, valor_total, lucro, custo_medio, status, data) VALUES (1810000000244, 15, 'Antônio', 'ROBERTO MOTORA', 15, 'Queijo mussarelinha', 1, 32, 32, 12, 20, 'pago', '10/04/2026');
INSERT INTO vendas (id, semana, vendedor, cliente, produto_id, produto, qtd, valor_unitario, valor_total, lucro, custo_medio, status, data) VALUES (1810000000245, 15, 'Antônio', 'ANTONIO', 27, 'DOCE DE LEITE COM AMENDOIM', 1, 20, 20, 12, 8, 'pago', '10/04/2026');
INSERT INTO vendas (id, semana, vendedor, cliente, produto_id, produto, qtd, valor_unitario, valor_total, lucro, custo_medio, status, data) VALUES (1810000000246, 15, 'Antônio', 'ZÉ QUATIS', 12, 'Queijo minas frescal', 1, 28, 28, 12.116022099447514, 15.883977900552486, 'pendente', '10/04/2026');
INSERT INTO vendas (id, semana, vendedor, cliente, produto_id, produto, qtd, valor_unitario, valor_total, lucro, custo_medio, status, data) VALUES (1810000000247, 15, 'Antônio', 'BRUNO QUATIS', 7, 'Linguiça', 1, 25, 25, 12.5, 12.5, 'pago', '10/04/2026');
INSERT INTO vendas (id, semana, vendedor, cliente, produto_id, produto, qtd, valor_unitario, valor_total, lucro, custo_medio, status, data) VALUES (1810000000248, 15, 'Antônio', 'MARQUINHO REVENDA', 7, 'Linguiça', 5, 25, 125, 62.5, 12.5, 'pago', '10/04/2026');
INSERT INTO vendas (id, semana, vendedor, cliente, produto_id, produto, qtd, valor_unitario, valor_total, lucro, custo_medio, status, data) VALUES (1810000000249, 15, 'Igor', 'DIEGO LF', 12, 'Queijo minas frescal', 1, 28, 28, 12.116022099447514, 15.883977900552486, 'pendente', '10/04/2026');
INSERT INTO vendas (id, semana, vendedor, cliente, produto_id, produto, qtd, valor_unitario, valor_total, lucro, custo_medio, status, data) VALUES (1810000000250, 15, 'Igor', 'ALAN LF', 3, 'Doce de leite pote', 1, 18, 18, 10, 8, 'pendente', '10/04/2026');
INSERT INTO vendas (id, semana, vendedor, cliente, produto_id, produto, qtd, valor_unitario, valor_total, lucro, custo_medio, status, data) VALUES (1810000000251, 15, 'Igor', 'CARLÃO MAXION', 12, 'Queijo minas frescal', 1, 28, 28, 12.116022099447514, 15.883977900552486, 'pendente', '10/04/2026');
INSERT INTO vendas (id, semana, vendedor, cliente, produto_id, produto, qtd, valor_unitario, valor_total, lucro, custo_medio, status, data) VALUES (1810000000252, 15, 'Igor', 'MEXICANO MAXION', 12, 'Queijo minas frescal', 1, 28, 28, 12.116022099447514, 15.883977900552486, 'pendente', '10/04/2026');
INSERT INTO vendas (id, semana, vendedor, cliente, produto_id, produto, qtd, valor_unitario, valor_total, lucro, custo_medio, status, data) VALUES (1810000000253, 15, 'Igor', 'KEVIN MAXION', 12, 'Queijo minas frescal', 1, 28, 28, 12.116022099447514, 15.883977900552486, 'pendente', '10/04/2026');
INSERT INTO vendas (id, semana, vendedor, cliente, produto_id, produto, qtd, valor_unitario, valor_total, lucro, custo_medio, status, data) VALUES (1810000000254, 15, 'Igor', 'JOÃO KS', 12, 'Queijo minas frescal', 1, 28, 28, 12.116022099447514, 15.883977900552486, 'pendente', '10/04/2026');
INSERT INTO vendas (id, semana, vendedor, cliente, produto_id, produto, qtd, valor_unitario, valor_total, lucro, custo_medio, status, data) VALUES (1810000000255, 15, 'Igor', 'MARCELO MAXION', 13, 'Queijo minas padrão', 1, 40, 40, 11.5, 28.5, 'pendente', '10/04/2026');
INSERT INTO vendas (id, semana, vendedor, cliente, produto_id, produto, qtd, valor_unitario, valor_total, lucro, custo_medio, status, data) VALUES (1810000000256, 15, 'Igor', 'MARCELO MAXION', 2, 'Doce de leite pedaço', 1, 5, 5, 3, 2, 'pendente', '10/04/2026');
INSERT INTO vendas (id, semana, vendedor, cliente, produto_id, produto, qtd, valor_unitario, valor_total, lucro, custo_medio, status, data) VALUES (1810000000257, 15, 'Igor', 'CARLOS WALDIR', 2, 'Doce de leite pedaço', 2, 5, 10, 6, 2, 'pendente', '10/04/2026');
INSERT INTO vendas (id, semana, vendedor, cliente, produto_id, produto, qtd, valor_unitario, valor_total, lucro, custo_medio, status, data) VALUES (1810000000258, 15, 'Igor', 'NATÁLIA ZP6', 2, 'Doce de leite pedaço', 2, 5, 10, 6, 2, 'pendente', '10/04/2026');
INSERT INTO vendas (id, semana, vendedor, cliente, produto_id, produto, qtd, valor_unitario, valor_total, lucro, custo_medio, status, data) VALUES (1810000000259, 15, 'Cláudio', 'MARCIO CAMINHÃO', 6, 'Goiabada', 2, 20, 40, 16, 12, 'pendente', '12/04/2026');
INSERT INTO vendas (id, semana, vendedor, cliente, produto_id, produto, qtd, valor_unitario, valor_total, lucro, custo_medio, status, data) VALUES (1810000000260, 15, 'Cláudio', 'MARCIO CAMINHÃO', 7, 'Linguiça', 1, 25, 25, 12.5, 12.5, 'pendente', '12/04/2026');
INSERT INTO vendas (id, semana, vendedor, cliente, produto_id, produto, qtd, valor_unitario, valor_total, lucro, custo_medio, status, data) VALUES (1810000000261, 15, 'Cláudio', 'MARCIO CAMINHÃO', 13, 'Queijo minas padrão', 2, 40, 80, 23, 28.5, 'pendente', '12/04/2026');
INSERT INTO vendas (id, semana, vendedor, cliente, produto_id, produto, qtd, valor_unitario, valor_total, lucro, custo_medio, status, data) VALUES (1810000000262, 15, 'Cláudio', 'ROSARIA', 13, 'Queijo minas padrão', 1, 40, 40, 11.5, 28.5, 'pendente', '12/04/2026');
INSERT INTO vendas (id, semana, vendedor, cliente, produto_id, produto, qtd, valor_unitario, valor_total, lucro, custo_medio, status, data) VALUES (1810000000263, 15, 'Antônio', 'ADILSON TCM', 8, 'Manteiga pequena', 1, 12, 12, 5, 7, 'pago', '12/04/2026');
INSERT INTO vendas (id, semana, vendedor, cliente, produto_id, produto, qtd, valor_unitario, valor_total, lucro, custo_medio, status, data) VALUES (1810000000264, 15, 'Antônio', 'Elton ccc', 27, 'DOCE DE LEITE COM AMENDOIM', 1, 20, 20, 12, 8, 'pago', '12/04/2026');
INSERT INTO vendas (id, semana, vendedor, cliente, produto_id, produto, qtd, valor_unitario, valor_total, lucro, custo_medio, status, data) VALUES (1810000000265, 15, 'Antônio', 'Elton ccc', 12, 'Queijo minas frescal', 1, 28, 28, 12.116022099447514, 15.883977900552486, 'pago', '12/04/2026');
INSERT INTO vendas (id, semana, vendedor, cliente, produto_id, produto, qtd, valor_unitario, valor_total, lucro, custo_medio, status, data) VALUES (1810000000266, 15, 'Antônio', 'AMILTON', 2, 'Doce de leite pedaço', 2, 5, 10, 6, 2, 'pago', '12/04/2026');
INSERT INTO vendas (id, semana, vendedor, cliente, produto_id, produto, qtd, valor_unitario, valor_total, lucro, custo_medio, status, data) VALUES (1810000000267, 15, 'Antônio', 'AMILTON', 12, 'Queijo minas frescal', 1, 28, 28, 12.116022099447514, 15.883977900552486, 'pago', '12/04/2026');
INSERT INTO vendas (id, semana, vendedor, cliente, produto_id, produto, qtd, valor_unitario, valor_total, lucro, custo_medio, status, data) VALUES (1810000000268, 15, 'Antônio', 'José gate', 19, 'Requeijão', 1, 18, 18, 8.5, 9.5, 'pago', '12/04/2026');
INSERT INTO vendas (id, semana, vendedor, cliente, produto_id, produto, qtd, valor_unitario, valor_total, lucro, custo_medio, status, data) VALUES (1810000000269, 15, 'Antônio', 'José gate', 8, 'Manteiga pequena', 1, 12, 12, 5, 7, 'pago', '12/04/2026');
INSERT INTO vendas (id, semana, vendedor, cliente, produto_id, produto, qtd, valor_unitario, valor_total, lucro, custo_medio, status, data) VALUES (1810000000270, 15, 'Igor', 'MATHEUS QA MAXION', 17, 'Queijo parmesão', 1, 45, 45, 17, 28, 'pago', '12/04/2026');
INSERT INTO vendas (id, semana, vendedor, cliente, produto_id, produto, qtd, valor_unitario, valor_total, lucro, custo_medio, status, data) VALUES (1810000000271, 15, 'Igor', 'IGOR KS', 12, 'Queijo minas frescal', 1, 28, 28, 12.116022099447514, 15.883977900552486, 'pendente', '12/04/2026');
INSERT INTO vendas (id, semana, vendedor, cliente, produto_id, produto, qtd, valor_unitario, valor_total, lucro, custo_medio, status, data) VALUES (1810000000272, 15, 'Igor', 'NATÁLIA ZP6', 11, 'Queijo do reino', 1, 45, 45, 18.596999999999998, 26.403000000000002, 'pendente', '12/04/2026');
INSERT INTO vendas (id, semana, vendedor, cliente, produto_id, produto, qtd, valor_unitario, valor_total, lucro, custo_medio, status, data) VALUES (1810000000273, 15, 'Igor', 'RAFAEL KS 1T', 12, 'Queijo minas frescal', 1, 28, 28, 12.116022099447514, 15.883977900552486, 'pendente', '12/04/2026');
INSERT INTO vendas (id, semana, vendedor, cliente, produto_id, produto, qtd, valor_unitario, valor_total, lucro, custo_medio, status, data) VALUES (1810000000274, 15, 'Igor', 'MAX 1T', 12, 'Queijo minas frescal', 1, 28, 28, 12.116022099447514, 15.883977900552486, 'pendente', '12/04/2026');
INSERT INTO vendas (id, semana, vendedor, cliente, produto_id, produto, qtd, valor_unitario, valor_total, lucro, custo_medio, status, data) VALUES (1810000000275, 15, 'Igor', 'AMIGO MAURINHO 1T', 12, 'Queijo minas frescal', 1, 28, 28, 12.116022099447514, 15.883977900552486, 'pago', '12/04/2026');
INSERT INTO vendas (id, semana, vendedor, cliente, produto_id, produto, qtd, valor_unitario, valor_total, lucro, custo_medio, status, data) VALUES (1810000000276, 15, 'Igor', 'ROBSON KS', 12, 'Queijo minas frescal', 1, 28, 28, 12.116022099447514, 15.883977900552486, 'pendente', '12/04/2026');
INSERT INTO vendas (id, semana, vendedor, cliente, produto_id, produto, qtd, valor_unitario, valor_total, lucro, custo_medio, status, data) VALUES (1810000000277, 15, 'Igor', 'RICHARDSON CHASsi', 12, 'Queijo minas frescal', 1, 28, 28, 12.116022099447514, 15.883977900552486, 'pendente', '12/04/2026');
INSERT INTO vendas (id, semana, vendedor, cliente, produto_id, produto, qtd, valor_unitario, valor_total, lucro, custo_medio, status, data) VALUES (1810000000278, 15, 'Igor', 'RAFAEL MONTADOR MX', 2, 'Doce de leite pedaço', 1, 5, 5, 3, 2, 'pendente', '12/04/2026');
INSERT INTO vendas (id, semana, vendedor, cliente, produto_id, produto, qtd, valor_unitario, valor_total, lucro, custo_medio, status, data) VALUES (1810000000279, 15, 'Igor', 'RAFAEL CHASSI MAXION', 12, 'Queijo minas frescal', 1, 28, 28, 12.116022099447514, 15.883977900552486, 'pendente', '12/04/2026');
INSERT INTO vendas (id, semana, vendedor, cliente, produto_id, produto, qtd, valor_unitario, valor_total, lucro, custo_medio, status, data) VALUES (1810000000280, 15, 'Igor', 'MEMEL', 12, 'Queijo minas frescal', 1, 28, 28, 12.116022099447514, 15.883977900552486, 'pago', '12/04/2026');
INSERT INTO vendas (id, semana, vendedor, cliente, produto_id, produto, qtd, valor_unitario, valor_total, lucro, custo_medio, status, data) VALUES (1810000000281, 15, 'Igor', 'RENATO JSL', 13, 'Queijo minas padrão', 1, 40, 40, 11.5, 28.5, 'pago', '12/04/2026');
INSERT INTO vendas (id, semana, vendedor, cliente, produto_id, produto, qtd, valor_unitario, valor_total, lucro, custo_medio, status, data) VALUES (1810000000282, 15, 'Igor', 'LUIS DRESSAP', 10, 'Queijo 4 cores', 1, 45, 45, 17.93, 27.07, 'pendente', '12/04/2026');
INSERT INTO vendas (id, semana, vendedor, cliente, produto_id, produto, qtd, valor_unitario, valor_total, lucro, custo_medio, status, data) VALUES (1810000000283, 15, 'Igor', 'JUNIOR CHASSI', 12, 'Queijo minas frescal', 1, 28, 28, 12.116022099447514, 15.883977900552486, 'pago', '12/04/2026');
INSERT INTO vendas (id, semana, vendedor, cliente, produto_id, produto, qtd, valor_unitario, valor_total, lucro, custo_medio, status, data) VALUES (1810000000284, 15, 'Igor', 'JUNIOR CHASSI', 6, 'Goiabada', 1, 20, 20, 8, 12, 'pago', '12/04/2026');
INSERT INTO vendas (id, semana, vendedor, cliente, produto_id, produto, qtd, valor_unitario, valor_total, lucro, custo_medio, status, data) VALUES (1810000000285, 15, 'Igor', 'TIAGO LF MAXION', 6, 'Goiabada', 1, 20, 20, 8, 12, 'pendente', '12/04/2026');
INSERT INTO vendas (id, semana, vendedor, cliente, produto_id, produto, qtd, valor_unitario, valor_total, lucro, custo_medio, status, data) VALUES (1810000000286, 15, 'Igor', 'EDUARDO KS', 16, 'Queijo nozinho', 1, 36, 36, 13.5, 22.5, 'pago', '12/04/2026');
INSERT INTO vendas (id, semana, vendedor, cliente, produto_id, produto, qtd, valor_unitario, valor_total, lucro, custo_medio, status, data) VALUES (1810000000287, 15, 'Igor', 'DINO', 16, 'Queijo nozinho', 1, 36, 36, 13.5, 22.5, 'pendente', '12/04/2026');
INSERT INTO vendas (id, semana, vendedor, cliente, produto_id, produto, qtd, valor_unitario, valor_total, lucro, custo_medio, status, data) VALUES (1810000000288, 15, 'Igor', 'DIRCEU', 7, 'Linguiça', 1, 25, 25, 12.5, 12.5, 'pendente', '12/04/2026');
INSERT INTO vendas (id, semana, vendedor, cliente, produto_id, produto, qtd, valor_unitario, valor_total, lucro, custo_medio, status, data) VALUES (1810000000289, 15, 'Igor', 'VINICIUS LÍDER', 7, 'Linguiça', 1, 25, 25, 12.5, 12.5, 'pendente', '12/04/2026');
INSERT INTO vendas (id, semana, vendedor, cliente, produto_id, produto, qtd, valor_unitario, valor_total, lucro, custo_medio, status, data) VALUES (1810000000290, 15, 'Igor', 'TOLA', 3, 'Doce de leite pote', 1, 18, 18, 10, 8, 'pendente', '12/04/2026');
INSERT INTO vendas (id, semana, vendedor, cliente, produto_id, produto, qtd, valor_unitario, valor_total, lucro, custo_medio, status, data) VALUES (1810000000291, 15, 'Cláudio', 'FEIRA', 12, 'Queijo minas frescal', 1, 28, 28, 12.116022099447514, 15.883977900552486, 'pago', '12/04/2026');
INSERT INTO vendas (id, semana, vendedor, cliente, produto_id, produto, qtd, valor_unitario, valor_total, lucro, custo_medio, status, data) VALUES (1810000000292, 15, 'Cláudio', 'FEIRA', 28, 'OVO CAIPIRA', 3, 18, 54, 18, 12, 'pago', '12/04/2026');
INSERT INTO vendas (id, semana, vendedor, cliente, produto_id, produto, qtd, valor_unitario, valor_total, lucro, custo_medio, status, data) VALUES (1810000000293, 15, 'Igor', 'ADRIENE', 16, 'Queijo nozinho', 1, 36, 36, 13.5, 22.5, 'pago', '12/04/2026');
INSERT INTO vendas (id, semana, vendedor, cliente, produto_id, produto, qtd, valor_unitario, valor_total, lucro, custo_medio, status, data) VALUES (1810000000294, 15, 'Cláudio', 'FEIRA', 25, 'MINAS FEIRA', 10, 30, 300, 0, 30, 'pago', '12/04/2026');
INSERT INTO vendas (id, semana, vendedor, cliente, produto_id, produto, qtd, valor_unitario, valor_total, lucro, custo_medio, status, data) VALUES (1810000000295, 15, 'Antônio', 'ROBERTO FAZENDA', 16, 'Queijo nozinho', 1, 36, 36, 13.5, 22.5, 'pago', '12/04/2026');
INSERT INTO vendas (id, semana, vendedor, cliente, produto_id, produto, qtd, valor_unitario, valor_total, lucro, custo_medio, status, data) VALUES (1810000000296, 15, 'Antônio', 'ROBERTO FAZENDA', 3, 'Doce de leite pote', 1, 18, 18, 10, 8, 'pago', '12/04/2026');
INSERT INTO vendas (id, semana, vendedor, cliente, produto_id, produto, qtd, valor_unitario, valor_total, lucro, custo_medio, status, data) VALUES (1810000000297, 15, 'Antônio', 'ANNA CARLA', 13, 'Queijo minas padrão', 1, 40, 40, 11.5, 28.5, 'pendente', '12/04/2026');
INSERT INTO vendas (id, semana, vendedor, cliente, produto_id, produto, qtd, valor_unitario, valor_total, lucro, custo_medio, status, data) VALUES (1810000000298, 15, 'Antônio', 'Margaret', 5, 'Geleia', 1, 20, 20, 8, 12, 'pago', '12/04/2026');
INSERT INTO vendas (id, semana, vendedor, cliente, produto_id, produto, qtd, valor_unitario, valor_total, lucro, custo_medio, status, data) VALUES (1810000000299, 15, 'Antônio', 'Margaret', 6, 'Goiabada', 1, 20, 20, 8, 12, 'pago', '12/04/2026');
INSERT INTO vendas (id, semana, vendedor, cliente, produto_id, produto, qtd, valor_unitario, valor_total, lucro, custo_medio, status, data) VALUES (1810000000300, 15, 'Cláudio', 'FEIRA', 5, 'Geleia', 4, 20, 80, 32, 12, 'pago', '12/04/2026');
INSERT INTO vendas (id, semana, vendedor, cliente, produto_id, produto, qtd, valor_unitario, valor_total, lucro, custo_medio, status, data) VALUES (1810000000301, 15, 'Cláudio', 'FEIRA', 11, 'Queijo do reino', 1, 45, 45, 18.596999999999998, 26.403000000000002, 'pago', '12/04/2026');
INSERT INTO vendas (id, semana, vendedor, cliente, produto_id, produto, qtd, valor_unitario, valor_total, lucro, custo_medio, status, data) VALUES (1810000000302, 15, 'Cláudio', 'FEIRA', 7, 'Linguiça', 5, 25, 125, 62.5, 12.5, 'pago', '12/04/2026');
INSERT INTO vendas (id, semana, vendedor, cliente, produto_id, produto, qtd, valor_unitario, valor_total, lucro, custo_medio, status, data) VALUES (1810000000303, 15, 'Cláudio', 'FEIRA', 7, 'Linguiça', 1, 25, 25, 12.5, 12.5, 'pago', '12/04/2026');
INSERT INTO vendas (id, semana, vendedor, cliente, produto_id, produto, qtd, valor_unitario, valor_total, lucro, custo_medio, status, data) VALUES (1810000000304, 15, 'Cláudio', 'FEIRA', 8, 'Manteiga pequena', 4, 12, 48, 20, 7, 'pago', '12/04/2026');
INSERT INTO vendas (id, semana, vendedor, cliente, produto_id, produto, qtd, valor_unitario, valor_total, lucro, custo_medio, status, data) VALUES (1810000000305, 15, 'Cláudio', 'FEIRA', 3, 'Doce de leite pote', 3, 18, 54, 30, 8, 'pago', '12/04/2026');
INSERT INTO vendas (id, semana, vendedor, cliente, produto_id, produto, qtd, valor_unitario, valor_total, lucro, custo_medio, status, data) VALUES (1810000000306, 15, 'Cláudio', 'FEIRA', 27, 'DOCE DE LEITE COM AMENDOIM', 1, 20, 20, 12, 8, 'pago', '12/04/2026');
INSERT INTO vendas (id, semana, vendedor, cliente, produto_id, produto, qtd, valor_unitario, valor_total, lucro, custo_medio, status, data) VALUES (1810000000307, 15, 'Cláudio', 'FEIRA', 26, 'DOCE DE LEITE COM COCO', 2, 20, 40, 24, 8, 'pago', '12/04/2026');
INSERT INTO vendas (id, semana, vendedor, cliente, produto_id, produto, qtd, valor_unitario, valor_total, lucro, custo_medio, status, data) VALUES (1810000000308, 15, 'Antônio', 'VER QUEM É', 12, 'Queijo minas frescal', 1, 28, 28, 12.116022099447514, 15.883977900552486, 'pendente', '12/04/2026');
INSERT INTO vendas (id, semana, vendedor, cliente, produto_id, produto, qtd, valor_unitario, valor_total, lucro, custo_medio, status, data) VALUES (1810000000309, 16, 'Antônio', 'Sidnei motora', 27, 'DOCE DE LEITE COM AMENDOIM', 1, 20, 20, 12, 8, 'pago', '13/04/2026');
INSERT INTO vendas (id, semana, vendedor, cliente, produto_id, produto, qtd, valor_unitario, valor_total, lucro, custo_medio, status, data) VALUES (1810000000310, 16, 'Cláudio', 'FABRICIO QUATIS', 12, 'Queijo minas frescal', 1, 28, 28, 12.116022099447514, 15.883977900552486, 'pago', '14/04/2026');
INSERT INTO vendas (id, semana, vendedor, cliente, produto_id, produto, qtd, valor_unitario, valor_total, lucro, custo_medio, status, data) VALUES (1810000000311, 16, 'Igor', 'RAYANE', 2, 'Doce de leite pedaço', 2, 5, 10, 6, 2, 'pendente', '14/04/2026');
INSERT INTO vendas (id, semana, vendedor, cliente, produto_id, produto, qtd, valor_unitario, valor_total, lucro, custo_medio, status, data) VALUES (1810000000312, 16, 'Igor', 'ANDRESSA ZP6', 16, 'Queijo nozinho', 1, 36, 36, 13.5, 22.5, 'pendente', '14/04/2026');
INSERT INTO vendas (id, semana, vendedor, cliente, produto_id, produto, qtd, valor_unitario, valor_total, lucro, custo_medio, status, data) VALUES (1810000000313, 16, 'Igor', 'CAMUNDONGO MERITOR', 16, 'Queijo nozinho', 1, 36, 36, 13.5, 22.5, 'pago', '14/04/2026');
INSERT INTO vendas (id, semana, vendedor, cliente, produto_id, produto, qtd, valor_unitario, valor_total, lucro, custo_medio, status, data) VALUES (1810000000314, 16, 'Igor', 'ADRIENE', 16, 'Queijo nozinho', 1, 36, 36, 13.5, 22.5, 'pago', '14/04/2026');
INSERT INTO vendas (id, semana, vendedor, cliente, produto_id, produto, qtd, valor_unitario, valor_total, lucro, custo_medio, status, data) VALUES (1810000000315, 16, 'Igor', 'KANTE DRESSAP', 12, 'Queijo minas frescal', 1, 28, 28, 12.116022099447514, 15.883977900552486, 'pendente', '14/04/2026');
INSERT INTO vendas (id, semana, vendedor, cliente, produto_id, produto, qtd, valor_unitario, valor_total, lucro, custo_medio, status, data) VALUES (1810000000316, 16, 'Igor', 'ALAN DRESSAP', 12, 'Queijo minas frescal', 1, 28, 28, 12.116022099447514, 15.883977900552486, 'pago', '14/04/2026');
INSERT INTO vendas (id, semana, vendedor, cliente, produto_id, produto, qtd, valor_unitario, valor_total, lucro, custo_medio, status, data) VALUES (1810000000317, 16, 'Igor', 'FERNANDO MANUTENÇÃO', 12, 'Queijo minas frescal', 1, 28, 28, 12.116022099447514, 15.883977900552486, 'pago', '14/04/2026');
INSERT INTO vendas (id, semana, vendedor, cliente, produto_id, produto, qtd, valor_unitario, valor_total, lucro, custo_medio, status, data) VALUES (1810000000318, 16, 'Igor', 'RICARDO PM TUBULAÇÃO', 12, 'Queijo minas frescal', 1, 28, 28, 12.116022099447514, 15.883977900552486, 'pendente', '14/04/2026');
INSERT INTO vendas (id, semana, vendedor, cliente, produto_id, produto, qtd, valor_unitario, valor_total, lucro, custo_medio, status, data) VALUES (1810000000319, 16, 'Igor', 'LUIZ PM TUBULAÇÃO', 12, 'Queijo minas frescal', 1, 28, 28, 12.116022099447514, 15.883977900552486, 'pendente', '14/04/2026');
INSERT INTO vendas (id, semana, vendedor, cliente, produto_id, produto, qtd, valor_unitario, valor_total, lucro, custo_medio, status, data) VALUES (1810000000320, 16, 'Igor', 'THIAGO MAXION LF', 12, 'Queijo minas frescal', 1, 28, 28, 12.116022099447514, 15.883977900552486, 'pendente', '14/04/2026');
INSERT INTO vendas (id, semana, vendedor, cliente, produto_id, produto, qtd, valor_unitario, valor_total, lucro, custo_medio, status, data) VALUES (1810000000321, 16, 'Antônio', 'ANDRÉ FLORIANO', 12, 'Queijo minas frescal', 1, 28, 28, 12.116022099447514, 15.883977900552486, 'pago', '14/04/2026');
INSERT INTO vendas (id, semana, vendedor, cliente, produto_id, produto, qtd, valor_unitario, valor_total, lucro, custo_medio, status, data) VALUES (1810000000322, 16, 'Cláudio', 'FEIRA', 16, 'Queijo nozinho', 3, 36, 108, 40.5, 22.5, 'pago', '14/04/2026');
INSERT INTO vendas (id, semana, vendedor, cliente, produto_id, produto, qtd, valor_unitario, valor_total, lucro, custo_medio, status, data) VALUES (1810000000323, 16, 'Cláudio', 'REI DO MATE', 12, 'Queijo minas frescal', 2, 28, 56, 24.23204419889503, 15.883977900552486, 'pendente', '15/04/2026');
INSERT INTO vendas (id, semana, vendedor, cliente, produto_id, produto, qtd, valor_unitario, valor_total, lucro, custo_medio, status, data) VALUES (1810000000324, 16, 'Antônio', 'BRUNO KS', 12, 'Queijo minas frescal', 2, 28, 56, 24.23204419889503, 15.883977900552486, 'pago', '15/04/2026');
INSERT INTO vendas (id, semana, vendedor, cliente, produto_id, produto, qtd, valor_unitario, valor_total, lucro, custo_medio, status, data) VALUES (1810000000325, 16, 'Antônio', 'BRUNO KS', 3, 'Doce de leite pote', 1, 18, 18, 10, 8, 'pago', '15/04/2026');
INSERT INTO vendas (id, semana, vendedor, cliente, produto_id, produto, qtd, valor_unitario, valor_total, lucro, custo_medio, status, data) VALUES (1810000000326, 16, 'Antônio', 'ANDREZINHO MAXION', 12, 'Queijo minas frescal', 1, 28, 28, 12.116022099447514, 15.883977900552486, 'pago', '15/04/2026');
INSERT INTO vendas (id, semana, vendedor, cliente, produto_id, produto, qtd, valor_unitario, valor_total, lucro, custo_medio, status, data) VALUES (1810000000327, 16, 'Antônio', 'ANDREZINHO MAXION', 3, 'Doce de leite pote', 1, 18, 18, 10, 8, 'pago', '15/04/2026');
INSERT INTO vendas (id, semana, vendedor, cliente, produto_id, produto, qtd, valor_unitario, valor_total, lucro, custo_medio, status, data) VALUES (1810000000328, 16, 'Antônio', 'MARLON LÍDER', 2, 'Doce de leite pedaço', 2, 5, 10, 6, 2, 'pago', '15/04/2026');
INSERT INTO vendas (id, semana, vendedor, cliente, produto_id, produto, qtd, valor_unitario, valor_total, lucro, custo_medio, status, data) VALUES (1810000000329, 16, 'Antônio', 'MARLON LÍDER', 12, 'Queijo minas frescal', 1, 28, 28, 12.116022099447514, 15.883977900552486, 'pago', '15/04/2026');
INSERT INTO vendas (id, semana, vendedor, cliente, produto_id, produto, qtd, valor_unitario, valor_total, lucro, custo_medio, status, data) VALUES (1810000000330, 16, 'Antônio', 'GASTÃO TURSAN', 16, 'Queijo nozinho', 1, 36, 36, 13.5, 22.5, 'pago', '15/04/2026');
INSERT INTO vendas (id, semana, vendedor, cliente, produto_id, produto, qtd, valor_unitario, valor_total, lucro, custo_medio, status, data) VALUES (1810000000331, 16, 'Antônio', 'ADEMILSON MOTORA', 12, 'Queijo minas frescal', 1, 28, 28, 12.116022099447514, 15.883977900552486, 'pago', '15/04/2026');
INSERT INTO vendas (id, semana, vendedor, cliente, produto_id, produto, qtd, valor_unitario, valor_total, lucro, custo_medio, status, data) VALUES (1810000000332, 16, 'Antônio', 'ADILSON TCM', 12, 'Queijo minas frescal', 1, 28, 28, 12.116022099447514, 15.883977900552486, 'pago', '15/04/2026');
INSERT INTO vendas (id, semana, vendedor, cliente, produto_id, produto, qtd, valor_unitario, valor_total, lucro, custo_medio, status, data) VALUES (1810000000333, 16, 'Antônio', 'ADILSON TCM', 6, 'Goiabada', 1, 20, 20, 8, 12, 'pago', '15/04/2026');
INSERT INTO vendas (id, semana, vendedor, cliente, produto_id, produto, qtd, valor_unitario, valor_total, lucro, custo_medio, status, data) VALUES (1810000000334, 16, 'Igor', 'VITOR PWT', 16, 'Queijo nozinho', 1, 36, 36, 13.5, 22.5, 'pendente', '15/04/2026');
INSERT INTO vendas (id, semana, vendedor, cliente, produto_id, produto, qtd, valor_unitario, valor_total, lucro, custo_medio, status, data) VALUES (1810000000335, 16, 'Igor', 'DUDU LÍDER', 16, 'Queijo nozinho', 1, 36, 36, 13.5, 22.5, 'pago', '15/04/2026');
INSERT INTO vendas (id, semana, vendedor, cliente, produto_id, produto, qtd, valor_unitario, valor_total, lucro, custo_medio, status, data) VALUES (1810000000336, 16, 'Igor', 'MIGUEL MC DIA 30', 16, 'Queijo nozinho', 1, 36, 36, 13.5, 22.5, 'pendente', '15/04/2026');
INSERT INTO vendas (id, semana, vendedor, cliente, produto_id, produto, qtd, valor_unitario, valor_total, lucro, custo_medio, status, data) VALUES (1810000000337, 16, 'Igor', 'MIGUEL MC DIA 30', 3, 'Doce de leite pote', 1, 18, 18, 10, 8, 'pendente', '15/04/2026');
INSERT INTO vendas (id, semana, vendedor, cliente, produto_id, produto, qtd, valor_unitario, valor_total, lucro, custo_medio, status, data) VALUES (1810000000338, 16, 'Igor', 'VINICIUS LÍDER', 12, 'Queijo minas frescal', 2, 28, 56, 24.23204419889503, 15.883977900552486, 'pendente', '15/04/2026');
INSERT INTO vendas (id, semana, vendedor, cliente, produto_id, produto, qtd, valor_unitario, valor_total, lucro, custo_medio, status, data) VALUES (1810000000339, 16, 'Igor', 'VINICIUS LÍDER', 7, 'Linguiça', 1, 25, 25, 12.5, 12.5, 'pendente', '15/04/2026');
INSERT INTO vendas (id, semana, vendedor, cliente, produto_id, produto, qtd, valor_unitario, valor_total, lucro, custo_medio, status, data) VALUES (1810000000340, 16, 'Igor', 'EUSEBIO', 12, 'Queijo minas frescal', 1, 28, 28, 12.116022099447514, 15.883977900552486, 'pago', '15/04/2026');
INSERT INTO vendas (id, semana, vendedor, cliente, produto_id, produto, qtd, valor_unitario, valor_total, lucro, custo_medio, status, data) VALUES (1810000000341, 16, 'Igor', 'CRIS TIME DUDU', 12, 'Queijo minas frescal', 1, 28, 28, 12.116022099447514, 15.883977900552486, 'pendente', '15/04/2026');
INSERT INTO vendas (id, semana, vendedor, cliente, produto_id, produto, qtd, valor_unitario, valor_total, lucro, custo_medio, status, data) VALUES (1810000000342, 16, 'Igor', 'MARCUS INSPETOR', 12, 'Queijo minas frescal', 1, 28, 28, 12.116022099447514, 15.883977900552486, 'pendente', '15/04/2026');
INSERT INTO vendas (id, semana, vendedor, cliente, produto_id, produto, qtd, valor_unitario, valor_total, lucro, custo_medio, status, data) VALUES (1810000000343, 16, 'Igor', 'ELIAS MERITOR', 12, 'Queijo minas frescal', 1, 28, 28, 12.116022099447514, 15.883977900552486, 'pendente', '15/04/2026');
INSERT INTO vendas (id, semana, vendedor, cliente, produto_id, produto, qtd, valor_unitario, valor_total, lucro, custo_medio, status, data) VALUES (1810000000344, 16, 'Igor', 'ADRIANO GI', 12, 'Queijo minas frescal', 1, 28, 28, 12.116022099447514, 15.883977900552486, 'pendente', '15/04/2026');
INSERT INTO vendas (id, semana, vendedor, cliente, produto_id, produto, qtd, valor_unitario, valor_total, lucro, custo_medio, status, data) VALUES (1810000000345, 16, 'Igor', 'MENINA PWT', 3, 'Doce de leite pote', 1, 18, 18, 10, 8, 'pendente', '15/04/2026');
INSERT INTO vendas (id, semana, vendedor, cliente, produto_id, produto, qtd, valor_unitario, valor_total, lucro, custo_medio, status, data) VALUES (1810000000346, 16, 'Igor', 'MENINA PWT', 12, 'Queijo minas frescal', 1, 28, 28, 12.116022099447514, 15.883977900552486, 'pendente', '15/04/2026');
INSERT INTO vendas (id, semana, vendedor, cliente, produto_id, produto, qtd, valor_unitario, valor_total, lucro, custo_medio, status, data) VALUES (1810000000347, 16, 'Igor', 'HARLEY DIA 30', 20, 'Queijo Prato', 1, 45, 45, 18.2, 26.8, 'pendente', '15/04/2026');
INSERT INTO vendas (id, semana, vendedor, cliente, produto_id, produto, qtd, valor_unitario, valor_total, lucro, custo_medio, status, data) VALUES (1810000000348, 16, 'Igor', 'MÁRCIO PWT', 10, 'Queijo 4 cores', 1, 45, 45, 17.93, 27.07, 'pendente', '15/04/2026');
INSERT INTO vendas (id, semana, vendedor, cliente, produto_id, produto, qtd, valor_unitario, valor_total, lucro, custo_medio, status, data) VALUES (1810000000349, 16, 'Antônio', 'ZÉ QUATIS', 12, 'Queijo minas frescal', 1, 30, 30, 14.116022099447514, 15.883977900552486, 'pendente', '15/04/2026');
INSERT INTO vendas (id, semana, vendedor, cliente, produto_id, produto, qtd, valor_unitario, valor_total, lucro, custo_medio, status, data) VALUES (1810000000350, 16, 'Antônio', 'MÁRCIA GATE', 3, 'Doce de leite pote', 1, 20, 20, 12, 8, 'pago', '15/04/2026');
INSERT INTO vendas (id, semana, vendedor, cliente, produto_id, produto, qtd, valor_unitario, valor_total, lucro, custo_medio, status, data) VALUES (1810000000351, 16, 'Antônio', 'MÁRCIA GATE', 5, 'Geleia', 1, 22, 22, 10, 12, 'pago', '15/04/2026');
INSERT INTO vendas (id, semana, vendedor, cliente, produto_id, produto, qtd, valor_unitario, valor_total, lucro, custo_medio, status, data) VALUES (1810000000352, 16, 'Antônio', 'MÁRCIA GATE', 30, 'QUEIJO PADRÃO TEMPERADO', 1, 45, 45, 17, 28, 'pago', '15/04/2026');
INSERT INTO vendas (id, semana, vendedor, cliente, produto_id, produto, qtd, valor_unitario, valor_total, lucro, custo_medio, status, data) VALUES (1810000000353, 16, 'Antônio', 'MÁRCIA GATE', 8, 'Manteiga pequena', 1, 14, 14, 7, 7, 'pago', '15/04/2026');
INSERT INTO vendas (id, semana, vendedor, cliente, produto_id, produto, qtd, valor_unitario, valor_total, lucro, custo_medio, status, data) VALUES (1810000000354, 16, 'Antônio', 'LÉO GATE', 12, 'Queijo minas frescal', 1, 30, 30, 14.116022099447514, 15.883977900552486, 'pago', '15/04/2026');
INSERT INTO vendas (id, semana, vendedor, cliente, produto_id, produto, qtd, valor_unitario, valor_total, lucro, custo_medio, status, data) VALUES (1810000000355, 16, 'Antônio', 'KAUAN MOÇA TREILER', 12, 'Queijo minas frescal', 1, 30, 30, 14.116022099447514, 15.883977900552486, 'pendente', '15/04/2026');
INSERT INTO vendas (id, semana, vendedor, cliente, produto_id, produto, qtd, valor_unitario, valor_total, lucro, custo_medio, status, data) VALUES (1810000000356, 16, 'Antônio', 'ERIVELTON GATE  5º DIA', 7, 'Linguiça', 1, 25, 25, 12.5, 12.5, 'pendente', '15/04/2026');
INSERT INTO vendas (id, semana, vendedor, cliente, produto_id, produto, qtd, valor_unitario, valor_total, lucro, custo_medio, status, data) VALUES (1810000000357, 16, 'Antônio', 'ERIVELTON GATE  5º DIA', 12, 'Queijo minas frescal', 1, 30, 30, 14.116022099447514, 15.883977900552486, 'pendente', '15/04/2026');
INSERT INTO vendas (id, semana, vendedor, cliente, produto_id, produto, qtd, valor_unitario, valor_total, lucro, custo_medio, status, data) VALUES (1810000000358, 16, 'Antônio', 'EDMAR 5º DIA', 7, 'Linguiça', 1, 25, 25, 12.5, 12.5, 'pendente', '15/04/2026');
INSERT INTO vendas (id, semana, vendedor, cliente, produto_id, produto, qtd, valor_unitario, valor_total, lucro, custo_medio, status, data) VALUES (1810000000359, 16, 'Antônio', 'MARQUINHO REVENDA', 7, 'Linguiça', 5, 25, 125, 62.5, 12.5, 'pago', '15/04/2026');
INSERT INTO vendas (id, semana, vendedor, cliente, produto_id, produto, qtd, valor_unitario, valor_total, lucro, custo_medio, status, data) VALUES (1776413593312, 16, 'Antônio', 'Geovane porto real ', 3, 'Doce de leite pote', 1, 20, 20, 12, 8, 'pago', '17/04/2026');
INSERT INTO vendas (id, semana, vendedor, cliente, produto_id, produto, qtd, valor_unitario, valor_total, lucro, custo_medio, status, data) VALUES (1776413604506, 16, 'Antônio', 'Geovane porto real ', 12, 'Queijo minas frescal', 1, 30, 30, 14.116022099447514, 15.883977900552486, 'pago', '17/04/2026');
INSERT INTO vendas (id, semana, vendedor, cliente, produto_id, produto, qtd, valor_unitario, valor_total, lucro, custo_medio, status, data) VALUES (1776415365529, 16, 'Antônio', 'ALEX GATE ', 12, 'Queijo minas frescal', 1, 30, 30, 14.116022099447514, 15.883977900552486, 'pendente', '17/04/2026');
INSERT INTO vendas (id, semana, vendedor, cliente, produto_id, produto, qtd, valor_unitario, valor_total, lucro, custo_medio, status, data) VALUES (1776730157765, 17, 'Cláudio', 'Chico Suporte', 2, 'Doce de leite pedaço', 4, 5, 20, 12, 2, 'pendente', '4/20/2026');
TRUNCATE TABLE clientes_contatados CASCADE;
INSERT INTO clientes_contatados (cliente) VALUES ('PAULA KS');
INSERT INTO clientes_contatados (cliente) VALUES ('DIONATAN LÍDER ');
INSERT INTO clientes_contatados (cliente) VALUES ('Mauro pwt');
INSERT INTO clientes_contatados (cliente) VALUES ('Bruno mer ');
INSERT INTO clientes_contatados (cliente) VALUES ('BRUNO MER');
INSERT INTO clientes_contatados (cliente) VALUES ('Mateus 2 turno ');
INSERT INTO clientes_contatados (cliente) VALUES ('MATHEUS LÍDER');
INSERT INTO clientes_contatados (cliente) VALUES ('FARÁO');
INSERT INTO clientes_contatados (cliente) VALUES ('WILLIAN TRIM 1');
INSERT INTO clientes_contatados (cliente) VALUES ('RENATO JSL ');
INSERT INTO clientes_contatados (cliente) VALUES ('NICOLAS MERITOR ');
INSERT INTO clientes_contatados (cliente) VALUES ('MATHEUS 2T');
INSERT INTO clientes_contatados (cliente) VALUES ('JULIANO CHASSI ');
INSERT INTO clientes_contatados (cliente) VALUES ('PAQUITO ');
INSERT INTO clientes_contatados (cliente) VALUES ('THIAGO LF ');
INSERT INTO clientes_contatados (cliente) VALUES ('RICARDO PM TUBULAÇÃO ');
COMMIT;


